Exercise_Name,Base_Lift,exercise_id
(BACK) Barbell Deadlift,Best3DeadliftKg,3
(BACK) Barbell Pendlay Row,Best3DeadliftKg,4
(BACK) Barbell Row,Best3DeadliftKg,5
(BACK) Cable Pullover,Best3DeadliftKg,6
(BACK) Close Grip Cable Row,Best3DeadliftKg,7
(BACK) Close Grip Lat Pulldown,Best3DeadliftKg,8
(BACK) Iso Row (Upper Back Focused),Best3DeadliftKg,9
(BACK) Landmine T Bar Row,Best3DeadliftKg,10
(BACK) Rope Cable Pullover,Best3DeadliftKg,11
(BACK) Single Arm Supported Dumbbell Row,Best3DeadliftKg,12
(BACK) Supinated Barbell Bent Over Row,Best3DeadliftKg,13
(BICEPS) EZ-Bar Preacher Curl,Best3DeadliftKg,14
(BICEPS) Single Arm Hammer Preacher Curl,Best3DeadliftKg,15
(CALVES) Seated Calf Machine,Best3SquatKg,16
(CARDIO) Bike ERG,Cardio_Core,17
(CARDIO) Row ERG,Cardio_Core,18
(CARDIO) SKI ERG,Cardio_Core,19
(CHEST) Decline Barbell Bench Press,Best3BenchKg,20
(CHEST) Flat Dumbbell Bench Press,Best3DeadliftKg,21
(CHEST) Incline Cable Fly,Best3BenchKg,22
(CHEST) Iso Incline Chest Press,Best3BenchKg,23
(Dumbbell) Calf Raise (Single Leg),Best3SquatKg,24
(GLUTES) Barbell Hip Thrust,Best3SquatKg,25
(HAMSTRINGS) Barbell RDL,Best3DeadliftKg,26
(HAMSTRINGS) Seated Hamstring Curl,Best3DeadliftKg,27
(LATS) Leverage Pulldown,Best3DeadliftKg,28
(LEGS) 45 Degree Leg Press,Best3SquatKg,29
(LEGS) Barbell Squat,Best3SquatKg,30
(LEGS) Heel Elevated Barbell Front Squat,Best3SquatKg,31
(LEGS) Heel Elevated Goblet Squat,Best3SquatKg,32
(LEGS) Leg Seated Leg Extension,Best3SquatKg,33
(LEGS) Pendulum Squat,Best3SquatKg,34
(LEGS) Sled Push,Best3BenchKg,35
(POSTERIOR CHAIN) Barbell Deadlift,Best3DeadliftKg,36
(SHOULDERS) Low Cable Crossover,Best3BenchKg,37
(SHOULDERS) Rear Delts Fly,Best3BenchKg,38
(SHOULDERS) Seated Dumbbell Shoulder Press,Best3BenchKg,39
(SHOULDERS) Seated Iso Shoulder Press,Best3BenchKg,40
(SHOULDERS) Seated Smith Machine Shoulder Press,Best3DeadliftKg,41
(SHOULDERS) Standing Landmine Shoulder Press,Best3BenchKg,42
(TOTAL) Barbell Clean And Press,Best3DeadliftKg,43
(TRICEPS) Close Grip Barbell Bench Press,Best3BenchKg,44
(TRICEPS) Seated EZ Bar Overhead Tricep Extension,Best3BenchKg,45
(TRICEPS) Weighted Bench Dip,Best3BenchKg,46
1 Arm Lat Pullin,Best3DeadliftKg,47
1 Arm Machine Row,Best3DeadliftKg,48
1 Km Run,Cardio_Core,49
1-1/4 Squat,Best3SquatKg,50
1-Arm 45 Degrees Cable Rear Delt Flye,Best3BenchKg,51
1/2 Kneeling Adductor Rock Back,Cardio_Core,52
100m Row,Best3DeadliftKg,53
100m Sprint,Cardio_Core,54
10km Row,Best3DeadliftKg,55
120m Sprint,Cardio_Core,56
1km Row,Best3DeadliftKg,57
1km Run,Cardio_Core,58
1km Run (4/3),Cardio_Core,59
2 Hand Plate Pinch,Best3DeadliftKg,60
2 Handed Anyhow,Best3BenchKg,61
"2"" ACB Bench Press",Best3BenchKg,62
200m Row,Best3DeadliftKg,63
200m Sprint,Cardio_Core,64
21 Curl (Barbell),Best3DeadliftKg,65
21s (EZ Bar),Best3DeadliftKg,66
21’s Dumbbell,Best3DeadliftKg,67
250m Row,Best3DeadliftKg,68
2km Row,Best3DeadliftKg,69
3 Count Pause Bench,Best3BenchKg,70
3-Way Shoulder Raise,Best3BenchKg,71
300m Row,Best3DeadliftKg,72
30m Sprint,Cardio_Core,73
3in Board Press,Best3BenchKg,74
4 Way Hip,Best3SquatKg,75
400m Row,Best3DeadliftKg,76
400m Sprint,Cardio_Core,77
40m-200m,Cardio_Core,78
45 Degree Back Raise,Best3BenchKg,79
45 Degree Extension,Best3DeadliftKg,80
45 Degree Incline DB Press,Best3BenchKg,81
45 Degrees Barbell Back Extensions,Best3DeadliftKg,82
45 Hamstring Hyper Extension,Best3DeadliftKg,83
45-degree Side Bend,Cardio_Core,84
45° Incline Barbell Press,Best3BenchKg,85
45° Rear Delt Flye,Best3BenchKg,86
500m Row,Best3DeadliftKg,87
6 Ways,Best3BenchKg,88
"6"" Cone Lateral Hops",Best3DeadliftKg,89
"6.	Abs (Standing Band Crunches, Sit-Ups, Etc.)",Cardio_Core,90
60m Sprint,Cardio_Core,91
8 Minute Core Routine,Cardio_Core,92
90 Degree Crunch,Cardio_Core,93
90-90s,Cardio_Core,94
90/90,Cardio_Core,95
90/90 Hip Flow,Cardio_Core,96
90/90 Hip Rotations,Cardio_Core,97
90/90 Hip Transition,Cardio_Core,98
90/90 Stretch,Cardio_Core,99
90/90 Stretch Legs Crossed,Cardio_Core,100
90/90 Transitions,Cardio_Core,101
90° Hammer Curl,Best3DeadliftKg,102
A Skip,Cardio_Core,103
AB Rollout,Cardio_Core,104
ABS,Cardio_Core,105
ACB Close Grip Bench,Best3BenchKg,106
ACB Reverse Close Grip Bench,Best3BenchKg,107
ACFT Sprint Drag Carry (SDC),Cardio_Core,108
AD Press,Best3BenchKg,109
AD Press (Barbell),Best3BenchKg,110
AD Press (Smith Machine),Best3DeadliftKg,111
ATG Lunge,Best3SquatKg,112
ATG Lunges,Best3SquatKg,113
ATG Split Squat,Best3SquatKg,114
Ab Coaster,Cardio_Core,115
Ab Machine,Best3DeadliftKg,116
Ab Roll,Cardio_Core,117
Ab Roller,Cardio_Core,118
Ab Rollout,Cardio_Core,119
Ab Rollouts,Cardio_Core,120
Ab Train To Failure,Cardio_Core,121
Ab Wheel,Cardio_Core,122
Ab Wheel Plank,Cardio_Core,123
Ab Wheel [Weighted],Cardio_Core,124
Abdominal Exercise 1,Cardio_Core,125
Above Parallel Paused Front Squat,Best3SquatKg,126
Abrazo Del Oso,Cardio_Core,127
Abs,Cardio_Core,128
Abs Circut,Cardio_Core,129
Abs Crunch (Bodyweight),Cardio_Core,130
Abs Crunch (Cable),Cardio_Core,131
Abs Crunch (Machine),Cardio_Core,132
Abs Crunch (Weighted),Cardio_Core,133
Abs Crunch In High Cable,Cardio_Core,134
Abs Machine,Cardio_Core,135
Active Pigeon Stretch (Lift Offs),Cardio_Core,136
Active Plank,Cardio_Core,137
Adduction,Best3SquatKg,138
Adductor Dynamic Plank,Cardio_Core,139
Agachamento Hack Sentado,Best3SquatKg,140
Agility Ladder,Cardio_Core,141
Air Bike,Cardio_Core,142
Air Cycling,Cardio_Core,143
Alternate Bounds,Cardio_Core,144
Alternate Leg Raises,Best3BenchKg,145
Alternating Bounds,Cardio_Core,146
Alternating Cable Crossover (High To Low),Best3BenchKg,147
Alternating Cable Curls,Best3DeadliftKg,148
Alternating Dumbbell Curl,Best3DeadliftKg,149
Alternating Good Morning,Best3DeadliftKg,150
Alternating Incline Dumbbell Chest Press (Bottom Hold),Best3BenchKg,151
Alternating Lateral Ball Slams,Best3DeadliftKg,152
Alternating Linear Pogos 10 Yards,Cardio_Core,153
Alternating Lunge Jumps,Cardio_Core,154
Alternating Lunge with Rotation,Best3SquatKg,155
Alternating Reach Forearm Plank,Cardio_Core,156
Alternating Sled Drag For Time,Cardio_Core,157
Anderson Squat,Best3SquatKg,158
Anterior Tibialis Raise,Best3BenchKg,159
Anterior Tibialis Raises,Best3BenchKg,160
Any Back,Best3DeadliftKg,161
Any Chest Exercise,Best3BenchKg,162
Any Press,Best3BenchKg,163
Approach Box Jumps,Cardio_Core,164
Archer Pull Up,Best3DeadliftKg,165
Archer Push Up,Best3BenchKg,166
Archer Row,Best3DeadliftKg,167
Arm Circle,Cardio_Core,168
Arm Hauler,Cardio_Core,169
Arm-Out SingleArm DB Row,Best3DeadliftKg,170
Armpulldown,Best3DeadliftKg,171
Arms Behind Back Shoulder Stretch,Cardio_Core,172
Arms-Extended 45° Hyperextension,Best3DeadliftKg,173
Arnold Press,Best3BenchKg,174
Arnold Press (Standing/Seated),Best3BenchKg,175
Around The World,Best3BenchKg,176
Ascending Skater Jumps 10 Yards,Cardio_Core,177
Assault Bike,Cardio_Core,178
Assisted Mountain Climbers,Cardio_Core,179
Assisted Squats,Best3SquatKg,180
Athletic Movements/ Balance,Cardio_Core,181
Atlas Stones,Cardio_Core,182
Australian Pull Up,Best3DeadliftKg,183
B Stance rdl,Best3DeadliftKg,184
B-Skips,Cardio_Core,185
B-Stance Romanian Deadlift (Dumbbell),Best3DeadliftKg,186
BFR Bicep Curl,Best3DeadliftKg,187
Back Extension,Best3DeadliftKg,188
Back Extension (Weighted),Best3DeadliftKg,189
Back Extension Crunches,Cardio_Core,190
Back Squat,Best3SquatKg,191
Backsquat,Best3SquatKg,192
Backward Run,Cardio_Core,193
Backward Sled,Best3DeadliftKg,194
Backwards Sled Drag,Best3DeadliftKg,195
Backwards Sled Pull,Best3DeadliftKg,196
Backwards Walk,Cardio_Core,197
Backwards Walking On Threadmill,Cardio_Core,198
Bag Throw,Best3DeadliftKg,199
Bajan Curl,Best3DeadliftKg,200
Balance Board,Cardio_Core,201
Ball Ab Lifts,Cardio_Core,202
Ball Drop Steal Starts,Cardio_Core,203
Ball Slam,Cardio_Core,204
Band Assisted Lunge Jumps,Cardio_Core,205
Band Assisted Pogo Jumps,Cardio_Core,206
Band Assisted Squat Jumps,Cardio_Core,207
Band Chest Flyes,Cardio_Core,208
Band Curls,Cardio_Core,209
Band Dynamic Trunk Stability Circuit,Cardio_Core,210
Band Extensions,Cardio_Core,211
Band Face Pull,Cardio_Core,212
Band Fly,Cardio_Core,213
Band Lateral Raise,Cardio_Core,214
Band Lateral Walk,Cardio_Core,215
Band Pistons,Cardio_Core,216
Band Pull Apart,Cardio_Core,217
Band Pull Aparts Routine,Cardio_Core,218
Band Push-down,Cardio_Core,219
Band Resisted Sprints 20 Yards,Cardio_Core,220
Band Resisted Steal Starts,Cardio_Core,221
Band Rows,Cardio_Core,222
Band Scarecrows,Cardio_Core,223
Band Shoulder Rotations,Cardio_Core,224
Band Snatch,Cardio_Core,225
Band Static Trunk Circuit,Cardio_Core,226
Band Tricep Pushdown,Cardio_Core,227
Band Twists,Cardio_Core,228
Band Wrist Flexion,Cardio_Core,229
Banded Ankle Mobilizations,Cardio_Core,230
Banded Back Squat,Cardio_Core,231
Banded Back Squat [X|5|X],Cardio_Core,232
Banded Backwards Kicks,Cardio_Core,233
Banded Baseball Complex,Cardio_Core,234
Banded Bicep Curl,Cardio_Core,235
Banded Chest Dumbbell Fly,Cardio_Core,236
Banded Chest Fly,Cardio_Core,237
Banded Clam Shells,Cardio_Core,238
Banded Cuban Rotations,Cardio_Core,239
Banded Deadbug,Cardio_Core,240
Banded Dips,Cardio_Core,241
Banded External Rotation,Cardio_Core,242
Banded External Rotations,Cardio_Core,243
Banded Fire Hydrants,Cardio_Core,244
Banded Glute Activation,Cardio_Core,245
Banded Hack Squat,Cardio_Core,246
Banded Hip Abduction,Cardio_Core,247
Banded Hip Distraction,Cardio_Core,248
Banded Hip Flexor Marches,Cardio_Core,249
Banded Kettle Bell Swings,Cardio_Core,250
Banded Knee Extensions,Cardio_Core,251
Banded Overhead Squat,Cardio_Core,252
Banded Pull Apart,Cardio_Core,253
Banded Shoulder Abduction,Cardio_Core,254
Banded Shoulder Dislocates,Cardio_Core,255
Banded Shoulder Extensions,Cardio_Core,256
Banded Smith Machine Glute Bridges,Cardio_Core,257
Banded Trap Bar Deadlift,Cardio_Core,258
Banded Tricep Press Down,Cardio_Core,259
Banded Tricep Pushdown,Cardio_Core,260
Banded ankle distractions,Cardio_Core,261
Banded or Chained Overhead Press,Cardio_Core,262
Bar Assisted Pogo Hops,Cardio_Core,263
Bar Skull Crusher,Best3BenchKg,264
Barbell American Deadlift,Best3DeadliftKg,265
Barbell Curls,Best3DeadliftKg,266
Barbell Front Raise,Best3BenchKg,267
Barbell Front Raises,Best3BenchKg,268
Barbell Glute Bridge,Best3SquatKg,269
Barbell Hack Squat,Best3SquatKg,270
Barbell Hang Clean To Overhead Press,Best3DeadliftKg,271
Barbell Hip Thrust,Best3SquatKg,272
Barbell Hold,Best3DeadliftKg,273
Barbell Hyperextension,Best3DeadliftKg,274
Barbell RDL,Best3DeadliftKg,275
Barbell Rollout,Cardio_Core,276
Barbell Row,Best3DeadliftKg,277
Barbell Row (smith Machine),Best3DeadliftKg,278
Barbell Shoulder Press,Best3BenchKg,279
Barbell Squat,Best3SquatKg,280
Barbell Squat (With Bands),Cardio_Core,281
Barbell Static Hold,Best3DeadliftKg,282
Barbell Strict Curl,Best3DeadliftKg,283
Barbell Sumo Deadlift,Best3DeadliftKg,284
Barbell Walking Lunge,Cardio_Core,285
Barbell Wrist Curl (12-15),Best3DeadliftKg,286
Barbell Wrist Flexion & Extension,Best3DeadliftKg,287
Barbell Yates Row (Rest Pause Last Set),Best3DeadliftKg,288
Barefoot Mobility,Cardio_Core,289
Basyian Curl,Best3DeadliftKg,290
Battle Ropes,Cardio_Core,291
Batwing Isometric Holds,Cardio_Core,292
Batwing Row,Best3DeadliftKg,293
Bayesian Curl,Best3DeadliftKg,294
Baysian Curl,Best3DeadliftKg,295
Bear Complex,Best3SquatKg,296
Bear Craw Isometric Hold,Cardio_Core,297
Bear Crawl,Cardio_Core,298
Bear Hug,Cardio_Core,299
Bear Position Pull Through,Best3DeadliftKg,300
Behind Back Bicep Cable Curl,Best3DeadliftKg,301
Behind Curls,Best3DeadliftKg,302
Behind The Back Arm Extension,Best3DeadliftKg,303
Behind The Back Holds,Best3DeadliftKg,304
Behind The Back Lateral Raise (Cable),Best3DeadliftKg,305
Behind The Back Shrug,Best3DeadliftKg,306
Behind The Back Shrugs,Best3DeadliftKg,307
Behind The Neck Press,Best3BenchKg,308
Behind The Neck Press (Seated),Best3BenchKg,309
Behind The Neck Pullups,Best3DeadliftKg,310
Behind-The-Back Cable Lateral Raise,Best3DeadliftKg,311
Behind-The-Back Dumbbell Wrist Curl,Best3DeadliftKg,312
Behind-The-Back Lateral Raise,Best3DeadliftKg,313
Behind-The-Back Shrug,Best3DeadliftKg,314
Behind-The-Neck Press (Smith Machine),Best3DeadliftKg,315
Behind-back Cable Curl,Best3DeadliftKg,316
Behind-the-Neck Lat Pulldown,Best3DeadliftKg,317
Behind-the-Neck Overhead Press,Best3BenchKg,318
Behind-the-Neck Push Press,Best3BenchKg,319
Belt Squat,Best3SquatKg,320
Belt Squat Stiff Leg Deadlifts,Best3SquatKg,321
Bench Dips,Best3BenchKg,322
Bench Jack Knife,Best3BenchKg,323
Bench Press,Best3BenchKg,324
Bench Press (AM),Best3BenchKg,325
Bench Press (Banded),Cardio_Core,326
Bench Press (Barbell),Best3BenchKg,327
Bench Press (Board),Best3BenchKg,328
Bench Press (Close Grip),Best3BenchKg,329
Bench Press (Duffalo Bar),Best3BenchKg,330
Bench Press (Dumbbell),Best3BenchKg,331
Bench Press (Harambe System Or Barbell),Best3BenchKg,332
Bench Press (Paused),Best3BenchKg,333
Bench Press (Smith Machine),Best3DeadliftKg,334
Bench Press (Swiss Bar),Best3BenchKg,335
Bench Press (Touch & Go),Best3BenchKg,336
Bench Press (Wide Grip),Best3BenchKg,337
Bench Press - Cable,Best3BenchKg,338
Bench Press Incline (Close Grip),Best3BenchKg,339
Bench Press Pause (Dumbbell),Best3BenchKg,340
Bench Squat,Best3SquatKg,341
Bench T-Spine Stretch,Cardio_Core,342
Bench(BB),Best3BenchKg,343
Bent Knee Standing Calf Raise,Best3SquatKg,344
Bent Leg Raise,Best3BenchKg,345
Bent Over Cable Pec Flye,Best3BenchKg,346
Bent Over Calf Raises,Best3SquatKg,347
Bent Over Lateral Raise (Dumbbell),Best3DeadliftKg,348
Bent Over Machine Row,Best3DeadliftKg,349
Bent Over Reverse Fly,Best3BenchKg,350
Bent Over Row,Best3DeadliftKg,351
Bent Over Row (Barbell),Best3DeadliftKg,352
"Bent Over Row (Barbell, Paused)",Best3DeadliftKg,353
Bent Over Row (Dumbbell),Best3DeadliftKg,354
Bent Over Row (Kettlebell),Best3DeadliftKg,355
Bent Over Row (Smith Machine),Best3DeadliftKg,356
Bent Over Row (cable),Best3DeadliftKg,357
Bent-Over Row (Smith Machine),Best3DeadliftKg,358
"Bicep Curl (12,10,8,6,4)",Best3DeadliftKg,359
Bicep Curl (12-15),Best3DeadliftKg,360
Bicep Curl (Barbell),Best3DeadliftKg,361
Bicep Curl (Cable),Best3DeadliftKg,362
Bicep Curl (Dumbbell),Best3DeadliftKg,363
Bicep Curl (EZ Bar),Best3DeadliftKg,364
Bicep Curl (Machine),Best3DeadliftKg,365
Bicep Curl (TRX),Best3DeadliftKg,366
Bicep Curl Cable Seated,Best3DeadliftKg,367
Bicep Curl Incline (Dumbell),Best3DeadliftKg,368
Bicep Curl Of Choice (Swap This Out For A Listed Exercise),Best3DeadliftKg,369
Bicep Curl To Overhead Press,Best3DeadliftKg,370
"Bicep Curl, Cable, Bench Out In Front",Best3DeadliftKg,371
Bicep Curls (Cable),Best3DeadliftKg,372
Bicep Down Machine,Best3DeadliftKg,373
Bicep Pull Up,Best3DeadliftKg,374
Bicep Stretch,Cardio_Core,375
Biceps Pull-Down,Best3DeadliftKg,376
Bicycle,Cardio_Core,377
Bicycle Crunch,Cardio_Core,378
Bicycle Crunche,Cardio_Core,379
Bicycle Crunches Raised Legs,Cardio_Core,380
Bicycle crunch,Cardio_Core,381
Bike,Cardio_Core,382
Bike Erg,Cardio_Core,383
Bike Ride,Cardio_Core,384
Bike Sprint,Cardio_Core,385
Bilateral Cable Lat Raise,Best3DeadliftKg,386
Bilateral Snapdown,Best3DeadliftKg,387
Bird Dog,Cardio_Core,388
Bird Dog (Reps),Cardio_Core,389
Bird Dog Isometric Hold,Cardio_Core,390
Bird Dogs,Cardio_Core,391
Bird-dog,Cardio_Core,392
Birddogs,Cardio_Core,393
Block Press,Best3BenchKg,394
Block Pull (Barbell),Best3DeadliftKg,395
Board Bench Press,Best3BenchKg,396
Boarded Bench Press,Best3BenchKg,397
Body Weight Row On Barbell,Best3DeadliftKg,398
Bodyweight Feet Elevated Pike Push-up,Best3BenchKg,399
Bodyweight Hip Thrust,Best3SquatKg,400
Bodyweight RDL,Best3DeadliftKg,401
Bodyweight Row,Best3DeadliftKg,402
Bodyweight Side Lying Clamshell,Cardio_Core,403
Bodyweight Single Leg Deadlifts W/ Reach,Best3DeadliftKg,404
Bodyweight Squat,Best3SquatKg,405
Bodyweight Sumo squat,Best3SquatKg,406
Bodyweight Triceps Extension,Best3BenchKg,407
Bodyweight Walking Lunges,Cardio_Core,408
Bosu Ball Crunch,Cardio_Core,409
Bosu Ball Push Ups,Best3BenchKg,410
Bosu Ball Squats,Best3SquatKg,411
Bosu Glute Bridge,Best3SquatKg,412
Bosu Rock,Cardio_Core,413
Bosu Squat,Best3SquatKg,414
Bottom Half DB Fly,Best3BenchKg,415
Bottom Half Standing Calf Raise,Best3SquatKg,416
Bottom-2/3 Constant Tension Preacher Curl,Best3DeadliftKg,417
Bottom-Half DB Flye,Best3BenchKg,418
Bottom-Half Seated Cable Flye,Best3BenchKg,419
Bottom-ROM Paused Squats (Smith),Best3SquatKg,420
Bounding (Power Stride),Cardio_Core,421
Bounds,Cardio_Core,422
Box Drop Broad Jump,Cardio_Core,423
Box Jump,Cardio_Core,424
Box Shuffle,Cardio_Core,425
Box Squat (Barbell),Best3SquatKg,426
Box Step-Up,Best3SquatKg,427
Bradford Press,Best3BenchKg,428
Braemar Stone,Cardio_Core,429
Broad Jump,Cardio_Core,430
Broad Jumps,Cardio_Core,431
Broomstick Twist,Cardio_Core,432
Bulgarian Dip,Best3BenchKg,433
Bulgarian Smith Squat,Best3SquatKg,434
"Bulgarian Split Squat (12,10,8,6,4/Per Leg)",Best3SquatKg,435
Bulgarian Split Squat (Barbell),Best3SquatKg,436
Bulgarian Split Squat (Bodyweight),Best3SquatKg,437
Bulgarian Split Squat (Dumbbell),Best3SquatKg,438
Bulgarian Split Squat (Smith Machine),Best3SquatKg,439
Bulgarian Split Squat Smith Machine,Best3SquatKg,440
Bulgarian split squat,Best3SquatKg,441
Bulgarien Split Sqauts,Best3SquatKg,442
Bulgarien Split Squats,Best3SquatKg,443
Bulldozer Fly,Best3BenchKg,444
Burpee,Cardio_Core,445
Burpee (No Push Up),Best3BenchKg,446
Burpee Broad Jumps,Cardio_Core,447
Burpee-Pullups,Best3DeadliftKg,448
Bus Driver,Cardio_Core,449
Butt Blaster,Cardio_Core,450
Butt Kick Run 10 Yrds,Cardio_Core,451
Butt Kicks,Cardio_Core,452
Butterfly DB,Best3BenchKg,453
Butterfly Maschine,Best3DeadliftKg,454
Butterfly Reverse,Best3BenchKg,455
Butterfly Stretch,Cardio_Core,456
C Drill,Cardio_Core,457
CHEST EXPANDER,Best3BenchKg,458
Cable Abductor (Outside) Riase (Cable),Best3DeadliftKg,459
Cable Adductor (Inside) Raise (Cable),Best3BenchKg,460
Cable Angel Progression,Best3DeadliftKg,461
Cable Axe Chop,Best3DeadliftKg,462
Cable Chest Press,Best3BenchKg,463
Cable Cross Body Lateral Raise,Best3DeadliftKg,464
Cable Cross Tricep Pushdown,Best3BenchKg,465
Cable Cross-Body Lat Pull-Arounds,Best3DeadliftKg,466
Cable Crossed Tricep Extension,Best3BenchKg,467
Cable Crossover,Best3BenchKg,468
Cable Crunch,Cardio_Core,469
Cable Flexion Row,Best3DeadliftKg,470
Cable Forearm Curl,Best3DeadliftKg,471
Cable Forearm Shit,Best3DeadliftKg,472
Cable Hip Abduction,Best3SquatKg,473
Cable Incline Curl,Best3DeadliftKg,474
Cable Incline Fly,Best3BenchKg,475
Cable Incline Wrist Curls,Best3DeadliftKg,476
Cable Kickback,Best3BenchKg,477
Cable Lateral Raise (Lengthened-Mid Position),Best3DeadliftKg,478
Cable Low Row,Best3DeadliftKg,479
Cable Oblique Twist,Best3DeadliftKg,480
Cable Overhead Curl,Best3DeadliftKg,481
Cable Overhead Extension,Best3BenchKg,482
Cable Paused Shrug-In,Best3DeadliftKg,483
Cable Preacher Curls,Best3DeadliftKg,484
Cable Pronations,Best3DeadliftKg,485
Cable Pull-Through,Best3DeadliftKg,486
Cable Pushdown,Best3BenchKg,487
Cable Rear Delt Fly,Best3BenchKg,488
Cable Rear Delt Flys (POSTERIOR DELT; Mid/Lengthened Position),Best3BenchKg,489
Cable Reverse Curl,Best3DeadliftKg,490
Cable Reverse Flye,Best3BenchKg,491
Cable Romanian Deadlift,Best3DeadliftKg,492
Cable Rope Seated Crunches,Cardio_Core,493
Cable Rotation,Best3DeadliftKg,494
Cable Rotational Twists,Best3DeadliftKg,495
Cable Shrugs,Best3DeadliftKg,496
Cable Standing Pullover,Best3DeadliftKg,497
Cable Step Up,Best3SquatKg,498
Cable Stretch Drag Curls,Cardio_Core,499
Cable Tib Raises,Best3BenchKg,500
Cable Tricep Kickback,Best3BenchKg,501
Cable Tricep Push Away,Best3BenchKg,502
Cable Tricep Pushdown (12-15),Best3BenchKg,503
Cable Triceps Kickback,Best3BenchKg,504
Cable Twists,Best3DeadliftKg,505
Cable Unilateral Tricep Pushdowns,Best3DeadliftKg,506
Cable V-Bar Seated Rows,Best3DeadliftKg,507
Cable Wood Choppers,Best3DeadliftKg,508
Cable Woodchopper,Best3DeadliftKg,509
Cable Woodchoppers,Best3DeadliftKg,510
Cable Wrist Curl,Best3DeadliftKg,511
Cable Wrist Curls (12-15),Best3DeadliftKg,512
Cable Wrist Pushdown,Best3BenchKg,513
Cable Y Raise,Best3BenchKg,514
Cable Y Raise (Rehab),Best3BenchKg,515
Cable abduction,Best3DeadliftKg,516
Cable external rotation - elbow low,Best3DeadliftKg,517
Cable twists,Best3DeadliftKg,518
Cable/Machine Fly (12-15),Best3DeadliftKg,519
Calf Extension (Machine),Best3SquatKg,520
Calf Extension Machine,Best3SquatKg,521
Calf Press,Best3SquatKg,522
Calf Press (Leg Press Machine),Best3SquatKg,523
Calf Press On Hack Squat,Best3SquatKg,524
Calf Raise,Best3SquatKg,525
Calf Raise (15-20),Best3SquatKg,526
Calf Raise (Bodyweight),Best3SquatKg,527
Calf Raise (Leg Press),Best3SquatKg,528
Calf Raise (Machine),Best3SquatKg,529
Calf Raise (Smith Machine),Best3SquatKg,530
Calf Raise - Leg Press Machine,Best3SquatKg,531
Calf Raise Machine,Best3SquatKg,532
Calf Raise Smith Machine,Best3SquatKg,533
Calf Raise Sumo,Best3SquatKg,534
Cambered Bar Barbell Bench press,Best3BenchKg,535
Cambered Bar Bench Press,Best3BenchKg,536
Cambered Bar Larsen Press,Best3BenchKg,537
Cambered Bar Squat,Best3SquatKg,538
Cannonball Crunch,Cardio_Core,539
Captains Of Crush Gripper,Cardio_Core,540
Cardio,Cardio_Core,541
Cardio (LISS),Cardio_Core,542
Cardio (Zone 2),Cardio_Core,543
Cardio 30-45min,Cardio_Core,544
Carioca Quick Step 10 Yards,Best3SquatKg,545
Carry & Drag Medley,Cardio_Core,546
Carry medley,Best3DeadliftKg,547
Cartwheel,Best3DeadliftKg,548
Cast Backward Circle,Cardio_Core,549
Cat Cow Stretch,Cardio_Core,550
Cat Cow and T-Spine Rotation,Cardio_Core,551
Cat-Cow Stretch,Cardio_Core,552
Change Of Direction Sprints,Cardio_Core,553
Cheat Lateral Raise,Best3DeadliftKg,554
Chest Dips,Best3BenchKg,555
Chest Dips (Cable),Best3BenchKg,556
Chest Fly (Cable),Best3BenchKg,557
Chest Fly (Dumbbell),Best3BenchKg,558
Chest Fly (Machine),Best3DeadliftKg,559
Chest Fly Press (Machine),Best3DeadliftKg,560
Chest Fly press (DB),Best3BenchKg,561
Chest Press,Best3BenchKg,562
Chest Press (Convergent),Cardio_Core,563
Chest Press (Dumbbell),Best3BenchKg,564
Chest Press (Machine),Best3DeadliftKg,565
Chest Press (Resistance Band),Cardio_Core,566
Chest Press (TRX),Best3BenchKg,567
Chest Press (dumbbell),Best3BenchKg,568
Chest Press Cable,Best3BenchKg,569
Chest Press-Around,Best3BenchKg,570
Chest Pull Over,Best3DeadliftKg,571
Chest Supported Barbell Lat Row,Best3DeadliftKg,572
Chest Supported Barbell Row,Best3DeadliftKg,573
Chest Supported Cable Row,Best3DeadliftKg,574
Chest Supported Curl,Best3DeadliftKg,575
Chest Supported DB Lateral Raise,Best3DeadliftKg,576
Chest Supported Dumbbell Lateral Raise,Best3DeadliftKg,577
Chest Supported Dumbbell Lateral Raises,Best3DeadliftKg,578
Chest Supported Dumbells Lateral Raise,Best3DeadliftKg,579
Chest Supported Incline Shrug,Best3DeadliftKg,580
Chest Supported Lateral Raise,Best3DeadliftKg,581
Chest Supported Low Row,Best3DeadliftKg,582
Chest Supported Machine Row Stack Loaded,Best3DeadliftKg,583
Chest Supported Rear Delt Fly (Dumbbell),Best3BenchKg,584
Chest Supported Rear Fly,Best3BenchKg,585
Chest Supported Reverse Fly (Dumbbell),Best3BenchKg,586
Chest Supported Row,Best3DeadliftKg,587
"Chest Supported Row (12,10,8,6,4)",Best3DeadliftKg,588
Chest Supported Row (12-15),Best3DeadliftKg,589
Chest Supported Row (Dumbbell),Best3DeadliftKg,590
Chest Supported Row (Machine Or Freeweight),Best3DeadliftKg,591
Chest Supported Row (Machine),Best3DeadliftKg,592
Chest Supported Row (Smith Machine),Best3DeadliftKg,593
Chest Supported Row (Swiss Bar),Best3DeadliftKg,594
Chest Supported Row (T-Bar),Best3DeadliftKg,595
Chest Supported Row Of Choice,Best3DeadliftKg,596
Chest Supported T Bar Row,Best3DeadliftKg,597
Chest Supported T Bar Row Pronated,Best3DeadliftKg,598
Chest Supported T-Bar Row,Best3DeadliftKg,599
Chest To Bar Pull-ups,Best3DeadliftKg,600
Chest-Supported Row (Machine),Best3DeadliftKg,601
Child'S Pose,Cardio_Core,602
Child'S Pose Strech,Cardio_Core,603
Child's Pose,Cardio_Core,604
Child’s Pose,Cardio_Core,605
Chin-Up (Assisted),Best3DeadliftKg,606
Chin-Up (Bodyweight),Best3DeadliftKg,607
Chin-Up (Weighted),Best3DeadliftKg,608
Chinese Lateral Elevations,Best3DeadliftKg,609
Chinese Plank,Cardio_Core,610
Clamshells,Cardio_Core,611
Clamshells (Band),Cardio_Core,612
Clamshells With Band,Cardio_Core,613
Clap Pushups,Best3BenchKg,614
Clapping Push Up,Best3BenchKg,615
Clean,Best3DeadliftKg,616
Clean (Barbell),Best3DeadliftKg,617
Clean And Jerk Complex,Best3DeadliftKg,618
Clean Deadlift,Best3DeadliftKg,619
Clean Pull,Best3DeadliftKg,620
Clean and Jerk,Best3DeadliftKg,621
Clean and Press,Best3DeadliftKg,622
Close Chest Dumbbell Press,Best3BenchKg,623
Close Grip Barbell Incline,Best3BenchKg,624
"Close Grip Bench Press (12,10,8,6,4)",Best3BenchKg,625
Close Grip Bench Press (Smith Machine),Best3DeadliftKg,626
Close Grip Bench Press [X|5|X],Best3BenchKg,627
Close Grip Chest Press,Best3BenchKg,628
Close Grip Chest Press (TRX),Best3BenchKg,629
Close Grip Dips,Best3BenchKg,630
Close Grip Elevated Pushups,Best3BenchKg,631
Close Grip Incline Bench,Best3BenchKg,632
Close Grip Incline Bench Press (Smith Machine),Best3DeadliftKg,633
Close Grip Larsen Press,Best3BenchKg,634
Close Grip Palm Out Bicep Pull Down,Best3DeadliftKg,635
Close Grip Pull Up,Best3DeadliftKg,636
Close Grip Push Up,Best3BenchKg,637
Close Grip Underhand Lat Pulldown,Best3DeadliftKg,638
Close Grip Underhand Lat Pulldown (chin Pulldown),Best3DeadliftKg,639
Close Neutral Chinups,Best3DeadliftKg,640
Close-Grip Lat Pulldown With Palms Facing Up,Best3DeadliftKg,641
Close-Grip Push-Ups,Best3BenchKg,642
Cobra Pushups,Best3BenchKg,643
Cobra Stretch,Cardio_Core,644
Coffin Press Dumbbell,Best3BenchKg,645
Competition Bench,Best3BenchKg,646
Competition Squat,Best3SquatKg,647
Compression Leg Raise,Best3BenchKg,648
Concentrated Tricep Cable Overhead,Best3BenchKg,649
Concentration Cable Curl,Best3DeadliftKg,650
Concentration Curl,Best3DeadliftKg,651
Conditioning Circuit,Cardio_Core,652
Converging Machine Press (Anterior Delt),Cardio_Core,653
Copenhagen Plank,Cardio_Core,654
Copenhagen Plank Dips,Cardio_Core,655
Core,Cardio_Core,656
Core Sliders,Cardio_Core,657
Core Work (You Choose),Cardio_Core,658
Cossack Squat,Best3SquatKg,659
Cossack Squat (Bodyweight),Best3SquatKg,660
Cossack Squats,Best3SquatKg,661
Cossack Squats (Weighted),Best3SquatKg,662
Couch Stretch,Cardio_Core,663
Couch Stretch with Reachovers,Cardio_Core,664
Couch Touches,Cardio_Core,665
Crab Walk,Cardio_Core,666
Cross Body Hammer Curl,Best3DeadliftKg,667
Cross Body Lat Pull Around,Best3DeadliftKg,668
Cross Body Lat Pulldown (Single Arm),Best3DeadliftKg,669
Cross Body Lateral,Best3DeadliftKg,670
Cross Body SA Pulldown,Best3DeadliftKg,671
Cross Body Shoulder Stretch,Cardio_Core,672
Cross Body Tricep Extension,Best3BenchKg,673
Cross Body Y-Raise,Best3BenchKg,674
Cross-Body Lat Pull-Around,Best3DeadliftKg,675
Cross-Body Y-Raise (Cable),Best3BenchKg,676
Crossbody Tricep Extension,Best3BenchKg,677
Crossed Overhead Triceps Extension (Cable),Best3BenchKg,678
Crossover Run 10 Yards,Cardio_Core,679
Crunch (DB/Maschine),Cardio_Core,680
Crunch - pulse up,Cardio_Core,681
Crunch Machine,Cardio_Core,682
Crunch Machine Weighted,Cardio_Core,683
Crunches,Cardio_Core,684
Crusher Curl,Best3DeadliftKg,685
Cuban Press,Best3BenchKg,686
Cuban Press (Dumbbell),Best3BenchKg,687
Cuff Lateral Raise (Cable),Best3DeadliftKg,688
Cuffed Behind-The-Back Lateral Raise,Best3DeadliftKg,689
Curl And Hold,Best3DeadliftKg,690
Curl Up (McGill),Best3DeadliftKg,691
Curl-Up,Best3DeadliftKg,692
Curtesy Step Up,Best3SquatKg,693
Curtsy Lounge,Best3SquatKg,694
Curtsy Lunge,Best3SquatKg,695
Curtsy Lunge (Dumbbell),Best3SquatKg,696
Curtsy Lunge Weighted,Best3SquatKg,697
"Custom Circuit - (Lat Raise, Bicep Curl, Upright Row, Calf Raise, Tricep Extension, Hammer Curls) 12 Reps Each Then Break)",Best3DeadliftKg,698
Customisable Row,Best3DeadliftKg,699
Cycling,Cardio_Core,700
Cycling Cardio,Cardio_Core,701
Cycling Intervals,Cardio_Core,702
DANCER AB ROUTINE 6 MINUTES,Cardio_Core,703
DB Gravediggers,Best3DeadliftKg,704
DB Hip Hugger,Best3SquatKg,705
DB Lateral Raise,Best3DeadliftKg,706
DB Reverse Lunges,Best3SquatKg,707
DB Wrist Extensions,Best3DeadliftKg,708
DY Row,Best3DeadliftKg,709
Dead Bug,Cardio_Core,710
Dead Bug (Resistance Band),Cardio_Core,711
Dead Bug Stretch,Cardio_Core,712
Dead Hang,Best3DeadliftKg,713
Dead Hang For Time,Best3DeadliftKg,714
Deadbug,Cardio_Core,715
Deadbugs,Cardio_Core,716
Deadlift,Best3DeadliftKg,717
Deadlift (Banded),Cardio_Core,718
Deadlift (Barbell / KG),Best3DeadliftKg,719
Deadlift (Barbell),Best3DeadliftKg,720
Deadlift (Block),Best3DeadliftKg,721
Deadlift (Deficit),Best3DeadliftKg,722
Deadlift (Dumbbell),Best3DeadliftKg,723
Deadlift (Harambe System/Barbell),Best3DeadliftKg,724
Deadlift (Paused),Best3DeadliftKg,725
Deadlift (Smith Machine),Best3DeadliftKg,726
Deadlift (To Knees),Best3DeadliftKg,727
Deadlift (Trapbar),Best3DeadliftKg,728
Deadlift From Boxes,Best3DeadliftKg,729
Deadlift Hold 150kgs,Best3DeadliftKg,730
Deadlift Up To Knees,Best3DeadliftKg,731
Decline Bench Press (Barbell),Best3BenchKg,732
Decline Bench Press (Dumbbell),Best3BenchKg,733
Decline Bench Press (Smith Machine),Best3DeadliftKg,734
Decline Cable Fly,Best3BenchKg,735
Decline Cable Press,Best3BenchKg,736
Decline Chest Press,Best3BenchKg,737
Decline Chest Press (Hammer Strength),Best3BenchKg,738
Decline Crunch,Cardio_Core,739
Decline Crunch (Weighted),Cardio_Core,740
Decline Deficit Pike Push-Ups,Best3BenchKg,741
Decline Dumbell Scullcrusher,Best3BenchKg,742
Decline Flye - Dumbbell,Best3BenchKg,743
Decline Hammer Strength,Best3BenchKg,744
Decline Hammer Strength Press,Best3BenchKg,745
Decline Machine Chest Press,Best3DeadliftKg,746
Decline Machine Press,Best3DeadliftKg,747
Decline Push Up,Best3BenchKg,748
Decline Ring push Up,Best3BenchKg,749
Decline Sit Up (Bodyweight),Cardio_Core,750
Decline Sit Up (Weighted),Cardio_Core,751
Decline Skull Crushers,Best3BenchKg,752
Decline Skullcrusher,Best3BenchKg,753
Decline overhead Cable Fly (lower),Best3BenchKg,754
Deep Goblet Squat Holds w/ Pulse,Best3SquatKg,755
Deep Split Jerk Hold,Best3SquatKg,756
Deep Split Squats (Weighted),Best3SquatKg,757
Deep Squat Hold,Best3SquatKg,758
Deep Squat Hold With Rocking,Best3SquatKg,759
Deficit Barbell RDL,Best3DeadliftKg,760
Deficit Deadlift (Barbell),Best3DeadliftKg,761
Deficit Exploding Pushup,Best3BenchKg,762
Deficit Goblet Squats,Best3SquatKg,763
Deficit Handstand Push Up,Best3BenchKg,764
Deficit Pendlay Row,Best3DeadliftKg,765
Deficit Push Up,Best3BenchKg,766
Deficit Pushup,Best3BenchKg,767
Deficit Reverse Lunge,Best3SquatKg,768
Deficit Ring Push Up,Best3BenchKg,769
Deficit Romanian Deadlift,Best3DeadliftKg,770
Deficit Romanian Deadlift (Barbell),Best3DeadliftKg,771
Deficit Row,Best3DeadliftKg,772
Depth Box Jump,Cardio_Core,773
Depth Jump,Cardio_Core,774
Diagonal Supinated Lat Pulldown,Best3DeadliftKg,775
Diamond Push Ups,Best3BenchKg,776
Diamond Push-up,Best3BenchKg,777
Diamond Pushups,Best3BenchKg,778
Diamond push up,Best3BenchKg,779
Dinnie Lift,Best3DeadliftKg,780
Dip (Assisted),Best3BenchKg,781
Dip (Bodyweight),Best3BenchKg,782
Dip (Weighted),Best3BenchKg,783
Dips,Best3BenchKg,784
Dips Between Chairs,Best3BenchKg,785
Dive-Bomber Push Ups,Best3BenchKg,786
Dolphin Push Up,Best3BenchKg,787
Donkey Calf Raises,Best3SquatKg,788
Donkey Kick (Dumbbell),Cardio_Core,789
Donkey Kick (Strap Band),Cardio_Core,790
Donkey Kicks,Cardio_Core,791
Donkey Machine Calf Raise,Best3SquatKg,792
Doorway Stretch,Cardio_Core,793
Dorsiflexion With Band,Cardio_Core,794
Double Kettlebell Press,Best3BenchKg,795
Double Leg Multi-Directional Pogo,Cardio_Core,796
Double Quadruped Transverse Hip Abduction,Best3SquatKg,797
Double Switch Landmine Push Press,Best3BenchKg,798
Double-Leg Stretch,Cardio_Core,799
Downward Dog,Cardio_Core,800
Drag Curl,Best3DeadliftKg,801
Drag Curls,Best3DeadliftKg,802
Dragon Flag,Cardio_Core,803
Dragon Fly,Best3BenchKg,804
Driving Pin Squat,Best3SquatKg,805
Dual Cable Lat Pull Down,Best3DeadliftKg,806
Dual Cable Seated Bicep Curl,Best3DeadliftKg,807
Dual Handle Elbows Out Row,Best3DeadliftKg,808
Dual Handle Lat Pulldown,Best3DeadliftKg,809
Dual Rope Extension,Best3DeadliftKg,810
Dual-Rope Pushdowns,Best3BenchKg,811
Dumbbell Alternating Bench Press,Best3BenchKg,812
Dumbbell Bench Pullover,Best3DeadliftKg,813
Dumbbell Bench-Braced Wrist Curl,Best3DeadliftKg,814
Dumbbell Bench-Braced Wrist Extension,Best3BenchKg,815
Dumbbell Calf Jumps,Cardio_Core,816
Dumbbell Chest Press/Floor Press,Best3BenchKg,817
Dumbbell Crush Press,Best3BenchKg,818
Dumbbell External Rotations,Best3DeadliftKg,819
Dumbbell Gorilla Row,Best3DeadliftKg,820
Dumbbell Hammer And Standard Curl,Best3DeadliftKg,821
Dumbbell Hamstring Curl,Best3DeadliftKg,822
Dumbbell High Pull,Best3DeadliftKg,823
Dumbbell Hip thrust,Best3SquatKg,824
Dumbbell Hyperextension,Best3DeadliftKg,825
Dumbbell Incline Bench Row,Best3DeadliftKg,826
Dumbbell Lying Facedown Swim And Row,Cardio_Core,827
Dumbbell Press Or Weighted Pushups (Swap This Out For Either),Best3BenchKg,828
Dumbbell Push Press,Best3BenchKg,829
Dumbbell RDL,Best3DeadliftKg,830
Dumbbell Renegade Row,Best3DeadliftKg,831
Dumbbell Row,Best3DeadliftKg,832
Dumbbell Scull Crusher,Best3BenchKg,833
Dumbbell Shoulder Press,Best3BenchKg,834
Dumbbell Skull-Over,Best3BenchKg,835
Dumbbell Spanish Squat,Best3SquatKg,836
Dumbbell Squat And Press,Best3SquatKg,837
Dumbbell Step Up,Best3SquatKg,838
Dumbbell Supinated Curl,Best3DeadliftKg,839
Dumbbell Swing,Best3DeadliftKg,840
Dumbbell Swings,Best3DeadliftKg,841
Dumbbell Thrusters,Best3SquatKg,842
Dumbbell Tibialis Foot Raise,Best3BenchKg,843
Dumbbell Tripod Row,Best3DeadliftKg,844
Dumbbell Underhand Chest Fly,Best3BenchKg,845
Dumbbell Upper Back Row,Best3DeadliftKg,846
Dumbbell Walking Lunges,Cardio_Core,847
Dumbbell seated Row,Best3DeadliftKg,848
Dumbell Incline Shrugs,Best3DeadliftKg,849
Dumbell Lateral Raise,Best3DeadliftKg,850
Dumbell NEWS Leg Extension,Best3SquatKg,851
Dumbell Push Jerk,Best3BenchKg,852
"Dumbell Row (12,10,8,6,4/Per Arm)",Best3DeadliftKg,853
Dumbell Skullcrusher,Best3BenchKg,854
Dumbell Squat Raises,Best3SquatKg,855
Dumbell Straight Leg Deadlift,Best3DeadliftKg,856
Dumbell Wide curl,Best3DeadliftKg,857
Dump The Buckets,Best3DeadliftKg,858
Dynamic Med Ball Rotational Toss,Cardio_Core,859
Dynamic Med Ball Side Slam,Cardio_Core,860
Dynamic Med Ball Soccer Toss,Cardio_Core,861
Dynamic Mobility,Cardio_Core,862
Dynamic Plank Tap,Cardio_Core,863
Dynamic Side Plank,Cardio_Core,864
Dynamic Warm Up,Cardio_Core,865
Dynamic Warm-up,Cardio_Core,866
Dynamic Warmup,Cardio_Core,867
Développer Horizontale,Best3BenchKg,868
EZ Bar Skull Crusher,Best3BenchKg,869
EZ Bar Skullcrushers,Best3BenchKg,870
EZ Bar Upright Row,Best3DeadliftKg,871
Easy Curl Bent-Over Row,Best3DeadliftKg,872
Eccentric Calf Raises,Best3SquatKg,873
Eccentric Push Up,Best3BenchKg,874
Eccentric Reverse Lunge (Bodyweight),Best3SquatKg,875
Egyptian Lat Raise,Best3DeadliftKg,876
Elastic Exercise Glutheus Min/Med.,Cardio_Core,877
Elbow Supported Bicep Curls,Best3DeadliftKg,878
Elephant Walk,Cardio_Core,879
Elevated Bulgarian Split Squat,Best3SquatKg,880
Elevated Close Stance High Bar Squats,Best3SquatKg,881
Elevated Dumbbell Reverse Lunge,Best3SquatKg,882
Elevated Front Foot Bulgarian Split Squat (Smith),Best3SquatKg,883
Elevated Heel Squat Holds,Best3SquatKg,884
Elevated Pigeon Stretch,Cardio_Core,885
Elevated Planks,Cardio_Core,886
Elevated Push Ups,Best3BenchKg,887
Elevated Romanian Deadlifts,Best3DeadliftKg,888
Elevated Squats,Best3SquatKg,889
Elevated Wrist Stretch Holds,Cardio_Core,890
Elevated skier Squat,Best3SquatKg,891
Elliptical,Cardio_Core,892
Elliptical Machine,Best3DeadliftKg,893
Erg Row,Cardio_Core,894
Etupunnerrus,Best3BenchKg,895
Eugene Curls,Best3DeadliftKg,896
Eugene Forearm Extensions (Cable),Best3DeadliftKg,897
Exercise Club Movements,Cardio_Core,898
Explosive Bench Press,Best3BenchKg,899
Explosive Pull Up,Best3DeadliftKg,900
Explosive Push-ups,Best3BenchKg,901
External Rotations,Best3DeadliftKg,902
External Rotations (Cable),Best3DeadliftKg,903
Ez Bar Cable Curl,Best3DeadliftKg,904
Ez Bar Skull Crusher,Best3BenchKg,905
Ez Bar Skullcrusher,Best3BenchKg,906
Ez-Bar Skull Crusher,Best3BenchKg,907
FFE Contralateral DB Reverse Lunge,Best3SquatKg,908
FHL Calf Raise,Best3SquatKg,909
Face Away Cable Curl,Best3DeadliftKg,910
Face Pull,Best3DeadliftKg,911
Face Pull (No Hands),Best3DeadliftKg,912
Face Pull (Paused),Best3DeadliftKg,913
Face Pull (Rotator Cuff),Best3DeadliftKg,914
Facepull,Best3DeadliftKg,915
Facepulls,Best3DeadliftKg,916
Farmer's Walk (Weighted),Cardio_Core,917
Farmer’s Walk For Time,Cardio_Core,918
Fartlek Workout,Cardio_Core,919
Fat Grip Hold,Best3DeadliftKg,920
Fat Grip Reverse Curls(Ez Bar),Best3DeadliftKg,921
Fear Press,Best3BenchKg,922
Feet Up Bench,Best3BenchKg,923
Feet Up Bench Press,Best3BenchKg,924
Finger Curl,Best3DeadliftKg,925
Finger Push-Ups,Best3BenchKg,926
Fire Hydrant (Band),Cardio_Core,927
Fire Hydrants,Cardio_Core,928
Flat Assisted Bench Press,Best3DeadliftKg,929
Flat Bench Bicep Curl,Best3DeadliftKg,930
Flat Bench Curls,Best3DeadliftKg,931
Flat Chest Db Press,Best3DeadliftKg,932
Flat Chest Press,Best3DeadliftKg,933
Flat DB Bench Press,Best3DeadliftKg,934
Flat Dumbbell Press,Best3DeadliftKg,935
"Flat Dumbbell Press (12,10,8,6,4)",Best3DeadliftKg,936
Flat Laying Db Curl,Best3DeadliftKg,937
Flat Machine Chest Press,Best3DeadliftKg,938
Flat Walk,Cardio_Core,939
Flex - Core/Abs (Placeholder),Cardio_Core,940
Flex - Forearms (Placeholder),Cardio_Core,941
Flex - Horizontal Pull (Placeholder),Best3DeadliftKg,942
Flex - Horizontal Push (Placeholder),Best3BenchKg,943
Flex - Single Leg Compound (Placeholder),Cardio_Core,944
Flex - Triceps (Placeholder),Best3BenchKg,945
Flexion Row,Best3DeadliftKg,946
Flexão de joelho em pé,Cardio_Core,947
Floating Deadlift,Best3DeadliftKg,948
Floor Chest Fly (Dumbbell),Best3BenchKg,949
Floor Paused Dumbbell Fly,Best3BenchKg,950
Floor Press (Barbell),Best3BenchKg,951
Floor Press (Dumbbell),Best3BenchKg,952
Floor To Overhead Event,Best3BenchKg,953
Flutter Kick,Cardio_Core,954
Flutter Kicks,Cardio_Core,955
Fly (Chain),Best3BenchKg,956
Fly Into Press,Best3BenchKg,957
Fly Lower Chest (Cable),Best3BenchKg,958
Fly Press (Dumbbell),Best3BenchKg,959
Foam Rolling,Cardio_Core,960
Foot To Bar,Cardio_Core,961
Forearm,Best3DeadliftKg,962
Forearm Curl,Best3DeadliftKg,963
Forearm Curl Straight Bar,Best3DeadliftKg,964
Forearm External  Rotation,Best3BenchKg,965
Forearm Finger Curl Pronated (Optional),Best3DeadliftKg,966
Forearm Finger Curl Supinated (Optional),Best3DeadliftKg,967
Forearm Flexor Crunch,Cardio_Core,968
Forearm Internal Rotation,Cardio_Core,969
Forearm Raise,Best3BenchKg,970
Forearm Roller,Best3DeadliftKg,971
Forearm Shit,Best3DeadliftKg,972
Forearm Twist,Best3DeadliftKg,973
Forearms Curls,Best3DeadliftKg,974
Forward Jump,Cardio_Core,975
Forward Sled,Best3DeadliftKg,976
Frame Carry,Best3DeadliftKg,977
Frame Hold,Cardio_Core,978
Free Motion Pec Fly,Best3BenchKg,979
Freemotion Cable Curl,Best3DeadliftKg,980
French Press,Best3BenchKg,981
French Press (Barbell),Best3BenchKg,982
Frog Pump,Cardio_Core,983
Frog Pumps,Cardio_Core,984
Frog Squat (Dumbbell),Best3SquatKg,985
Front / Side Raises,Best3BenchKg,986
Front Carry,Best3SquatKg,987
Front Carry For Time,Best3SquatKg,988
Front Carry Lunge For Time,Best3SquatKg,989
Front Foot Elevated Lunge,Best3SquatKg,990
Front Foot Elevated Reverse Lunge,Best3SquatKg,991
Front Foot Elevated Split Squat,Best3SquatKg,992
Front Foot Elevated Split Squat SSB,Best3SquatKg,993
Front Lever,Best3DeadliftKg,994
Front Lever Adv. Tuck Raise,Best3BenchKg,995
Front Lever Hold,Best3DeadliftKg,996
"Front Loaded Squats (Sandbag, Odd Object)",Best3SquatKg,997
Front Pin Squat,Best3SquatKg,998
Front PullDwon,Best3DeadliftKg,999
Front Raise,Best3BenchKg,1000
Front Raise (Arm Behind You),Best3BenchKg,1001
Front Raise (Cable),Best3BenchKg,1002
Front Raise (Palms Up),Best3BenchKg,1003
Front Shrug,Best3DeadliftKg,1004
Front Squat (Barbell),Best3SquatKg,1005
Front Squat (Box With Dumbbell/Kettlebell),Best3SquatKg,1006
Front Squat (Dumbbell),Best3SquatKg,1007
Front Squat (Paused),Best3SquatKg,1008
Front Squat (Smith Machine),Best3SquatKg,1009
Front Squat W/ Elevated Heels,Best3SquatKg,1010
Full-Body Mobility Routine (Follow Along),Cardio_Core,1011
Full-Body Mobility Routine 3 (Follow Along),Cardio_Core,1012
Full-Body Mobility Routine 5 (Follow Along),Cardio_Core,1013
Full-Body Mobility Routine 6 (Follow Along),Cardio_Core,1014
Full-Body Mobility Routine 7 (Follow Along),Cardio_Core,1015
Full-Body Mobility Routine 8 (Follow Along),Cardio_Core,1016
GH Situp,Cardio_Core,1017
GHD Sit Up (Weighted),Cardio_Core,1018
GHR’s,Best3DeadliftKg,1019
Garhammer Raise,Best3BenchKg,1020
Garhammer Raises,Best3BenchKg,1021
Ghd Sit Up,Cardio_Core,1022
Ghr Sit Up,Cardio_Core,1023
Glute Bridge (Band),Cardio_Core,1024
Glute Bridge (Barbell),Best3SquatKg,1025
Glute Bridge (Bodyweight),Best3SquatKg,1026
Glute Bridge (Dumbbell),Best3SquatKg,1027
Glute Bridge (Machine),Best3SquatKg,1028
Glute Bridge - 2 Up 1 Down,Best3SquatKg,1029
Glute Bridge Hold,Best3SquatKg,1030
Glute Bridge Smith,Best3SquatKg,1031
Glute Bridges,Best3SquatKg,1032
Glute Bridges With Resistance Band,Cardio_Core,1033
Glute Bulgarian Split Squat (Dumbbell),Best3SquatKg,1034
Glute Drive (Machine),Best3SquatKg,1035
Glute Drive/Hip Thrust Machine,Best3SquatKg,1036
Glute Ham Raise Sit Ups,Cardio_Core,1037
Glute Hyperextension,Best3SquatKg,1038
Glute Kickback,Best3BenchKg,1039
Glute Kickback (Cable),Best3BenchKg,1040
Glute Med Kickback,Best3BenchKg,1041
Glute-Biased Leg Press,Best3SquatKg,1042
Glute-Ham Raise,Best3SquatKg,1043
Goalpoasts,Best3BenchKg,1044
Goblet Box Squat,Best3SquatKg,1045
Goblet Duck Walk,Cardio_Core,1046
Goblet Lunge Squat Lunge Combo,Best3SquatKg,1047
Goblet March,Best3SquatKg,1048
Goblet Rebound Forward Lunge,Best3SquatKg,1049
Goblet Rebound Lateral Lunge,Best3SquatKg,1050
Goblet Squat,Best3SquatKg,1051
Goblet Squat Jump,Cardio_Core,1052
Goblet Squats (Cable),Best3SquatKg,1053
Good Morning,Best3DeadliftKg,1054
Good Morning (Bodyweight),Best3DeadliftKg,1055
Good Morning (Hack Machine),Best3SquatKg,1056
Good Morning Seated,Best3DeadliftKg,1057
Good morning (Smith),Best3DeadliftKg,1058
Grip Hold,Cardio_Core,1059
Ground Mobility,Cardio_Core,1060
Ground Starts 10 Yards,Cardio_Core,1061
Guillotine Bench Press,Best3BenchKg,1062
Guillotine Press,Best3BenchKg,1063
Guillotine Press (DB),Best3BenchKg,1064
Guillotine press,Best3BenchKg,1065
Hack Deadlift,Best3SquatKg,1066
Hack Squat,Best3SquatKg,1067
Hack Squat (Knee Dominant),Best3SquatKg,1068
Hack Squat (Machine),Best3SquatKg,1069
Hack Squat (Smith Machine),Best3SquatKg,1070
Hack Squat Calf Raise,Best3SquatKg,1071
Hack Squat Inverted,Best3SquatKg,1072
Half Kneeling Arnold Press (Dumbbell),Best3BenchKg,1073
Half Kneeling High Band Row,Cardio_Core,1074
Half Kneeling Landmine Press,Best3BenchKg,1075
Half Kneeling Lateral Starts 10 Yards,Best3DeadliftKg,1076
Half Kneeling Single Leg Box Jump,Cardio_Core,1077
Half Kneeling Starts,Best3SquatKg,1078
Half Kneeling Starts 10 Yards,Cardio_Core,1079
Halting Deadlift,Best3DeadliftKg,1080
Hammer Bar Curl,Best3DeadliftKg,1081
Hammer Curl,Best3DeadliftKg,1082
Hammer Curl (Cable),Best3DeadliftKg,1083
Hammer Curl (Dumbbell),Best3DeadliftKg,1084
Hammer Curl (TRX),Best3DeadliftKg,1085
Hammer Curl Dumbbell,Best3DeadliftKg,1086
Hammer Curl Dumbell,Best3DeadliftKg,1087
Hammer Curls - Cable And Rope,Best3DeadliftKg,1088
Hammer Machine Low Row,Best3DeadliftKg,1089
Hammer Preacher,Best3DeadliftKg,1090
Hammer Preacher Curl,Best3DeadliftKg,1091
Hammer Preacher Curl (Dumbbell),Best3DeadliftKg,1092
Hammer Preacher Curl (Dumbell),Best3DeadliftKg,1093
Hammer Single Arm Preacher Bench,Best3BenchKg,1094
Hammer Squat Lung Calf Raises,Best3SquatKg,1095
Hammer Squat Lunge Machine (RDL),Best3SquatKg,1096
Hammer Squat Lunge Machine (bulgarian Squats),Best3SquatKg,1097
Hammer Strength Chest Press,Best3BenchKg,1098
Hammer Strength Iso-Lateral Low Row,Best3DeadliftKg,1099
Hammer Strength Preacher Curl,Best3DeadliftKg,1100
Hamstring Curl,Best3DeadliftKg,1101
Hamstring Curl (TRX),Best3DeadliftKg,1102
Hamstring Lean,Best3DeadliftKg,1103
Hamstring Oefening,Best3DeadliftKg,1104
Hamstring Stretch with Rotation,Cardio_Core,1105
Hand Clean,Best3DeadliftKg,1106
Hand Gripper,Cardio_Core,1107
Hand Pick-Up Push Up,Best3BenchKg,1108
Hand Release Push,Best3BenchKg,1109
Hand Release Push Up,Best3BenchKg,1110
Hand Stand,Cardio_Core,1111
Hands on Hips Countermovement Jump,Cardio_Core,1112
Handstand,Cardio_Core,1113
Handstand Hold,Cardio_Core,1114
Handstand Progression,Cardio_Core,1115
Handstand Pushups,Best3BenchKg,1116
Hang Clean,Best3DeadliftKg,1117
Hang Power Clean,Best3DeadliftKg,1118
Hang Snatch,Best3DeadliftKg,1119
Hanging Knee Raise,Best3BenchKg,1120
Hanging Knee Raises,Best3BenchKg,1121
Hanging Lat Stretch,Cardio_Core,1122
Hanging Leg Raise,Best3BenchKg,1123
Hanging Leg Raise (Weighted),Best3BenchKg,1124
Hanging Oblique Knee Raise,Best3BenchKg,1125
Hanging Shoulder Rotations,Best3BenchKg,1126
Hanging Toes To Bar,Cardio_Core,1127
Hanging Wind Sprints,Cardio_Core,1128
Hatfield Squat,Best3SquatKg,1129
Heavy Bag,Cardio_Core,1130
Heavy Bag / Shadow Boxing,Cardio_Core,1131
Heavy Barbell Holds,Best3DeadliftKg,1132
Heavy Hammer,Best3DeadliftKg,1133
Heavy Lateral Raise,Best3DeadliftKg,1134
Heavy Negative Concentration Curls,Best3DeadliftKg,1135
Heavy Weight For Distance,Best3DeadliftKg,1136
Heel Elevated Leg Press,Best3SquatKg,1137
Heel Elevated Squat,Best3SquatKg,1138
Heel Elevated Squat (Barbell),Best3SquatKg,1139
Heel Slides,Cardio_Core,1140
Heel Tap,Cardio_Core,1141
Heel Taps,Cardio_Core,1142
Heel Walks 20 Yards,Cardio_Core,1143
Heel-to-Toe Walk,Cardio_Core,1144
Heels Elevated Bulgarian Split Squat (Barbell),Best3SquatKg,1145
Heels Elevated Squat,Best3SquatKg,1146
Helms Row,Best3DeadliftKg,1147
Hex Bar Jump,Cardio_Core,1148
Hex Press,Best3BenchKg,1149
High Bar Squat (Barbell),Best3SquatKg,1150
"High Bar Squat (Barbell, Paused)",Best3SquatKg,1151
High Bar Squat (Smith Machine),Best3SquatKg,1152
High Cable Fly,Best3BenchKg,1153
High Cable Lateral Raise,Best3DeadliftKg,1154
High Cable Rope Pull Down,Best3DeadliftKg,1155
High Feet Leg Press,Best3SquatKg,1156
High Incline Chest/Shoulder Press,Best3BenchKg,1157
High Incline DB Bench,Best3BenchKg,1158
High Incline DB Press,Best3BenchKg,1159
High Incline Dumbbell Press,Best3BenchKg,1160
High Incline Press,Best3BenchKg,1161
High Incline Smith Press,Best3BenchKg,1162
High Knee Butt Kick Run 15 Yards,Cardio_Core,1163
High Knee Run 10 Yrds,Cardio_Core,1164
High Knees,Cardio_Core,1165
High Pull,Best3DeadliftKg,1166
High Rep Leg Extension,Best3SquatKg,1167
High Row,Best3DeadliftKg,1168
High Shoulder Rotation (Dumbbell),Best3BenchKg,1169
High Step Up,Best3SquatKg,1170
High To Low Cable Fly,Best3BenchKg,1171
High To Low Cable Flyes,Best3BenchKg,1172
High-Cable Lateral Raise,Best3DeadliftKg,1173
High-Low Cable Press,Best3BenchKg,1174
High-To-Low Neutral-Grip Lat Row,Best3DeadliftKg,1175
High-to-low Cable Chest Flies,Best3BenchKg,1176
Hight To Low Woodchoppers,Cardio_Core,1177
Hill Sprint / Stairs Sprint,Cardio_Core,1178
Hip Abduction,Best3SquatKg,1179
Hip Abduction (Band),Cardio_Core,1180
Hip Abductor (Machine),Best3SquatKg,1181
Hip Adduction,Best3SquatKg,1182
Hip Adductor (Machine),Best3SquatKg,1183
Hip Adductor Dropset,Best3SquatKg,1184
Hip Airplane,Best3SquatKg,1185
Hip Airplanes,Best3SquatKg,1186
Hip Banded Romanian Deadlift,Cardio_Core,1187
Hip Bridge March,Best3SquatKg,1188
Hip CARs Controlled Rotations,Best3SquatKg,1189
Hip Circles,Best3SquatKg,1190
Hip Explosion From Ground,Best3SquatKg,1191
Hip Extension,Best3SquatKg,1192
Hip Extension Quad,Best3SquatKg,1193
Hip Flexor,Best3SquatKg,1194
Hip Flexor Bounce,Best3SquatKg,1195
Hip Flexor Lift-offs,Best3SquatKg,1196
Hip Flexor Raise,Best3SquatKg,1197
Hip Flexor Stretch,Cardio_Core,1198
Hip Hinge,Best3SquatKg,1199
Hip Mobilization,Best3SquatKg,1200
Hip Raise,Best3SquatKg,1201
Hip Thrust,Best3SquatKg,1202
"Hip Thrust (12,10,8,6,4)",Best3SquatKg,1203
Hip Thrust (Band),Cardio_Core,1204
Hip Thrust (Barbell),Best3SquatKg,1205
Hip Thrust (Bodyweight),Best3SquatKg,1206
Hip Thrust (Dumbbell),Best3SquatKg,1207
Hip Thrust (Machine),Best3SquatKg,1208
Hip Thrust (Smith Machine),Best3SquatKg,1209
Hip Thrust (machine),Best3SquatKg,1210
Hip Thrust DB,Best3SquatKg,1211
Hip Thrust Machine,Best3SquatKg,1212
Hip abduction,Best3SquatKg,1213
Hollow Body Holds,Cardio_Core,1214
Hollow Body Pullups,Best3DeadliftKg,1215
Hollow Hold,Cardio_Core,1216
Hollow Rock,Cardio_Core,1217
Horizontal Chest Press,Best3BenchKg,1218
Horizontal Elbow-braced Cable Triceps Extension,Best3BenchKg,1219
Hyperextension,Best3DeadliftKg,1220
Hyperextension (Glute Focus),Best3SquatKg,1221
Hyperextension (Weighted),Best3DeadliftKg,1222
"I, Y, T (IYT) Raise",Best3BenchKg,1223
I-Y-T : Reverse Banded,Cardio_Core,1224
ISO Low Row,Best3DeadliftKg,1225
IYT (Banded),Cardio_Core,1226
In And Out,Cardio_Core,1227
Inch Worm + Push Up,Best3BenchKg,1228
Inchworm,Cardio_Core,1229
Inchworm Walkout,Cardio_Core,1230
Incline Bench Bicep Hammer Curl,Best3DeadliftKg,1231
Incline Bench Biceps Curls,Best3DeadliftKg,1232
Incline Bench Lateral Raise,Best3DeadliftKg,1233
Incline Bench Ppress (Low Incline),Best3BenchKg,1234
Incline Bench Preacher Curl,Best3DeadliftKg,1235
Incline Bench Press (Barbell),Best3BenchKg,1236
Incline Bench Press (Cable),Best3BenchKg,1237
Incline Bench Press (Dumbbell),Best3BenchKg,1238
Incline Bench Press (Dumbbell) (Paused),Best3BenchKg,1239
Incline Bench Press (Paused),Best3BenchKg,1240
Incline Bench Press (Smith Machine),Best3DeadliftKg,1241
Incline Bench Press - Hammer Strength,Best3BenchKg,1242
Incline Bench Press 30 Degree,Best3BenchKg,1243
Incline Bench Press 45 Degree,Best3BenchKg,1244
Incline Bench Row,Best3DeadliftKg,1245
Incline Bicep Curl,Best3DeadliftKg,1246
Incline Bicep Curl (Dumbbell),Best3DeadliftKg,1247
Incline Buffalo Bench,Best3BenchKg,1248
Incline Cable Chest Press,Best3BenchKg,1249
Incline Cable Curl,Best3DeadliftKg,1250
Incline Cable Fly,Best3BenchKg,1251
Incline Cable Flys,Best3BenchKg,1252
Incline Cable Press,Best3BenchKg,1253
Incline Chest Fly,Best3BenchKg,1254
Incline Chest Fly (Dumbbell),Best3BenchKg,1255
Incline Chest Fly Machine,Best3DeadliftKg,1256
Incline Chest Press (Machine),Best3DeadliftKg,1257
Incline Chest Press (Smith),Best3BenchKg,1258
Incline Chestfly,Best3BenchKg,1259
Incline Close Grip Bench Press,Best3BenchKg,1260
Incline Curl,Best3DeadliftKg,1261
Incline Curl (Barbell),Best3DeadliftKg,1262
Incline Curl (Dumbbell),Best3DeadliftKg,1263
Incline DB Curl 45 Degrees,Best3DeadliftKg,1264
Incline DB Skullcrusher,Best3BenchKg,1265
Incline Dumbbel Curl (Low Bench),Best3DeadliftKg,1266
Incline Dumbbell Curl (12-15),Best3DeadliftKg,1267
Incline Dumbbell Curl Reverse 21s,Best3DeadliftKg,1268
Incline Dumbbell Curls,Best3DeadliftKg,1269
Incline Dumbbell Front Raise,Best3BenchKg,1270
"Incline Dumbbell Press (12,10,8,6,4)",Best3BenchKg,1271
Incline Dumbbell Row,Best3DeadliftKg,1272
Incline Dumbell Bench Press,Best3BenchKg,1273
Incline Dumbell Press,Best3BenchKg,1274
Incline Fly,Best3BenchKg,1275
Incline Fly (Cable),Best3BenchKg,1276
Incline Fly Press (Dumbbell),Best3BenchKg,1277
Incline Guillotine Press,Best3BenchKg,1278
Incline Hammer Curl,Best3DeadliftKg,1279
Incline Hammer Curl (Dumbbell),Best3DeadliftKg,1280
Incline Hammer Curls,Best3DeadliftKg,1281
Incline Hex Press,Best3BenchKg,1282
Incline Hybrid DB Fly,Best3BenchKg,1283
Incline Lat Raise,Best3DeadliftKg,1284
Incline Lateral Raise,Best3DeadliftKg,1285
Incline Neutral Press DB,Best3BenchKg,1286
Incline Pullover (Dumbbell),Best3DeadliftKg,1287
Incline Pushdown (Cable),Best3BenchKg,1288
Incline Rear Delt Fly,Best3BenchKg,1289
Incline Rear Delt Flye,Best3BenchKg,1290
Incline Rear Delt Raises,Best3BenchKg,1291
Incline Rear Delt Raises W External Rotation,Best3BenchKg,1292
Incline Rear Shrug,Best3DeadliftKg,1293
Incline Ring Push Ups,Best3BenchKg,1294
Incline Row DB,Best3DeadliftKg,1295
Incline Treadmill,Cardio_Core,1296
"Incline Treadmill Walk (5–10 Incline, 3.0 Speed)",Cardio_Core,1297
Incline Tricep Extension (Dumbbell),Best3BenchKg,1298
Incline Tricep Extention (Cable),Best3BenchKg,1299
Incline Tricep Power Bomb,Best3BenchKg,1300
Incline Tricep Pushdown,Best3BenchKg,1301
Incline Y Lateral Raise,Best3DeadliftKg,1302
Incline cable flies,Best3BenchKg,1303
Incline dumbell row,Best3DeadliftKg,1304
Incline dumbell skiers,Best3DeadliftKg,1305
Internal Rotation,Best3BenchKg,1306
Internal/External Shoulder Rotation (Lying),Best3BenchKg,1307
Internal/eternal Rotation,Cardio_Core,1308
Inverse Zottman Curl,Best3DeadliftKg,1309
Inverted Face Pull,Best3DeadliftKg,1310
Inverted Row,Best3DeadliftKg,1311
Iron Cross,Best3BenchKg,1312
Is Ys Ts Ws,Best3BenchKg,1313
Iso Bench (UTD),Best3BenchKg,1314
Iso Hold Band Curl,Cardio_Core,1315
Iso Low Row,Best3DeadliftKg,1316
Iso-lateral High Row,Best3DeadliftKg,1317
Iso-lateral Low Row,Best3DeadliftKg,1318
Isolation Work (Optional),Best3DeadliftKg,1319
Isometric Barbrll hold,Best3DeadliftKg,1320
Isometric Row Hold (Dumbbell),Best3DeadliftKg,1321
JM Press,Best3BenchKg,1322
JM Press (Dumbbell),Best3BenchKg,1323
JM Press (Smith Machine),Best3DeadliftKg,1324
JM-Skull Crush,Best3BenchKg,1325
Jacknifes,Cardio_Core,1326
Jaegar Bands Warmup,Cardio_Core,1327
Jaegar Bands Warmup/ Post Throw,Cardio_Core,1328
Jammer Press,Best3BenchKg,1329
Janicki Fly,Best3BenchKg,1330
Jefferson Curl,Best3DeadliftKg,1331
Jefferson Deadlift,Best3DeadliftKg,1332
Jefferson curl,Best3DeadliftKg,1333
Jesus Curl,Best3DeadliftKg,1334
Jog,Cardio_Core,1335
Jump Rope,Cardio_Core,1336
Jump Squat,Cardio_Core,1337
Jump Squat (Barbell),Cardio_Core,1338
Jump Switch Lunge,Cardio_Core,1339
Jumping Bulgarian Split Squat,Cardio_Core,1340
Jumping Jack,Cardio_Core,1341
Jumping Lunge,Cardio_Core,1342
KAS Glute Bridge,Best3SquatKg,1343
KAS Glute Bridge Hold,Best3SquatKg,1344
KB Around The World,Best3DeadliftKg,1345
KETTLEBELL PULL THROUGH,Best3DeadliftKg,1346
KOT Calf Raise,Best3SquatKg,1347
Kas Glute Bridge,Best3SquatKg,1348
Katana Extension,Best3BenchKg,1349
Keenan Flap,Best3DeadliftKg,1350
Keenan Pullover Sagital,Best3DeadliftKg,1351
Kelso Shrug,Best3DeadliftKg,1352
Kelso Shrug (cable),Best3DeadliftKg,1353
Kelso Shrug/Incline Row,Best3DeadliftKg,1354
Kelso Shrugs,Best3DeadliftKg,1355
Kennan Flap,Cardio_Core,1356
Kettlebell Bicep Curl,Best3DeadliftKg,1357
Kettlebell Carry,Best3DeadliftKg,1358
Kettlebell Clean,Best3DeadliftKg,1359
Kettlebell Clean & Press,Best3DeadliftKg,1360
Kettlebell Clean and Press,Best3DeadliftKg,1361
Kettlebell Deadlift Tabata 20 Sec 10 Sec,Best3DeadliftKg,1362
Kettlebell Front Squat,Best3SquatKg,1363
Kettlebell Gorilla Row,Best3DeadliftKg,1364
Kettlebell Halo,Best3DeadliftKg,1365
Kettlebell Power Row,Best3DeadliftKg,1366
Kettlebell Press,Best3BenchKg,1367
Kettlebell Squat L/R,Best3SquatKg,1368
Kettlebell Sumo High Pull,Best3DeadliftKg,1369
Kettlebell Swing,Best3DeadliftKg,1370
Kettlebell Swings,Best3DeadliftKg,1371
Kettlebell Toe Raise,Best3BenchKg,1372
Kettlebell Towel Curl,Best3DeadliftKg,1373
Kettlebell Twist,Cardio_Core,1374
Kettlebell Windmill,Best3BenchKg,1375
Kipping,Cardio_Core,1376
Klokov Press,Best3BenchKg,1377
Knee Flexion. Easy To Overload,Cardio_Core,1378
Knee Hug - In Place (reps per leg),Cardio_Core,1379
Knee Over Toes Split Squat,Best3SquatKg,1380
Knee Raise (Captain's Chair),Best3BenchKg,1381
Knee Raise (Weighted),Best3BenchKg,1382
Knee Raise Crunch Torso Down,Cardio_Core,1383
Knee To Feet Jumps,Cardio_Core,1384
Knee-to-wall ankle dorsiflexion test,Cardio_Core,1385
Knee-to-wall ankle rocks,Best3SquatKg,1386
Kneeling Band Twists,Cardio_Core,1387
Kneeling Landmine Pushes,Best3BenchKg,1388
Kneeling Lat Pulldown,Best3DeadliftKg,1389
Kneeling Leg Curl,Best3DeadliftKg,1390
Kneeling Lunge Stretch,Cardio_Core,1391
Kneeling Med Ball Front Toss,Best3SquatKg,1392
Kneeling Med Ball Rotational Toss,Cardio_Core,1393
Kneeling Med Ball Side Slam,Cardio_Core,1394
Kneeling Med Ball Single Arm Pass,Cardio_Core,1395
Kneeling Med Ball Slam,Cardio_Core,1396
Kneeling Med Ball Soccer Toss,Cardio_Core,1397
Kneeling Overhead Press,Best3BenchKg,1398
Kneeling Single-Arm Diagonal Pulldown,Best3DeadliftKg,1399
Kneeling Windmill Press,Best3BenchKg,1400
Kroc Row,Best3DeadliftKg,1401
L-Sit,Cardio_Core,1402
L-Sit Hold On Parallettes,Cardio_Core,1403
L-Sit Holds,Cardio_Core,1404
L-Sit Progression,Cardio_Core,1405
L-Sit Pull Up,Best3DeadliftKg,1406
L-sit Pull Ups,Best3DeadliftKg,1407
Ladder Drills,Cardio_Core,1408
Landmine Clean And Press,Best3DeadliftKg,1409
Landmine Kneeling Press,Best3BenchKg,1410
Landmine Oblique Twist,Cardio_Core,1411
Landmine Press,Best3BenchKg,1412
Landmine Push Press,Best3BenchKg,1413
Landmine Row,Best3DeadliftKg,1414
Landmine Squat (Heel Elevated),Best3SquatKg,1415
Landmine Squat Into RDL,Best3SquatKg,1416
Landmine Twist,Cardio_Core,1417
Larsen Press (Barbell),Best3BenchKg,1418
Lat Biased Row,Best3DeadliftKg,1419
Lat Machine,Best3DeadliftKg,1420
Lat Machine Pull Down - Close Grip,Best3DeadliftKg,1421
Lat Prayer,Best3DeadliftKg,1422
Lat Prayer (Straight-Bar),Best3DeadliftKg,1423
Lat Press Down,Best3DeadliftKg,1424
Lat Pull Over,Best3DeadliftKg,1425
Lat Pullaround,Best3DeadliftKg,1426
Lat Pullaround Cross Body,Best3DeadliftKg,1427
Lat Pulldown,Best3DeadliftKg,1428
Lat Pulldown (2-Grip),Best3DeadliftKg,1429
Lat Pulldown (Band),Cardio_Core,1430
Lat Pulldown (Close Grip),Best3DeadliftKg,1431
Lat Pulldown (Kneeling),Best3DeadliftKg,1432
Lat Pulldown (Machine),Best3DeadliftKg,1433
Lat Pulldown (Med - Neutral Grip),Best3DeadliftKg,1434
Lat Pulldown (Neutral Grip),Best3DeadliftKg,1435
Lat Pulldown (Single Arm),Best3DeadliftKg,1436
Lat Pulldown (behind neck),Best3DeadliftKg,1437
Lat Pulldown Machine,Best3DeadliftKg,1438
Lat Pulldown Netural TMJ,Best3DeadliftKg,1439
Lat Pullover,Best3DeadliftKg,1440
Lat Pullover Cable,Best3DeadliftKg,1441
Lat Pullover Machine,Best3DeadliftKg,1442
Lat Pushdown,Best3DeadliftKg,1443
Lat-Focused Cable Row,Best3DeadliftKg,1444
Lateral Alternating Bounds,Best3DeadliftKg,1445
Lateral Band Walks,Cardio_Core,1446
Lateral Banded Walk,Cardio_Core,1447
Lateral Bear Crawl,Best3DeadliftKg,1448
Lateral Bound with Stick,Best3DeadliftKg,1449
Lateral Box Jump,Cardio_Core,1450
Lateral Ground Starts 10 Yards,Best3DeadliftKg,1451
Lateral Jump,Cardio_Core,1452
Lateral Jumps,Cardio_Core,1453
Lateral Leg Raises,Best3DeadliftKg,1454
Lateral Leg Swing,Best3DeadliftKg,1455
Lateral Line Hops,Best3DeadliftKg,1456
Lateral Lunge,Best3SquatKg,1457
Lateral Lunge (Weighted),Best3SquatKg,1458
Lateral Med Ball Slam,Best3DeadliftKg,1459
Lateral Med Ball Throw,Best3DeadliftKg,1460
Lateral Neck,Best3DeadliftKg,1461
Lateral Pogo Jumps 10 Yards,Cardio_Core,1462
Lateral Power Shuffles 10 Yards,Best3DeadliftKg,1463
Lateral Power Shuffles 20 Yards,Best3DeadliftKg,1464
"Lateral Pull Down, Mid Twisted Grip",Best3DeadliftKg,1465
"Lateral Pullover, Rope",Best3DeadliftKg,1466
Lateral Raise (12-15),Best3DeadliftKg,1467
Lateral Raise (Band),Cardio_Core,1468
Lateral Raise (Cable),Best3DeadliftKg,1469
Lateral Raise (Dumbbell),Best3DeadliftKg,1470
Lateral Raise (Machine),Best3DeadliftKg,1471
Lateral Raise (Seated),Best3DeadliftKg,1472
Lateral Raise Eccentrics,Best3DeadliftKg,1473
Lateral Raise Machine Standing,Best3DeadliftKg,1474
Lateral Raise Multi Flight,Best3DeadliftKg,1475
Lateral Raise Seated,Best3DeadliftKg,1476
Lateral Short Shuffle,Best3DeadliftKg,1477
Lateral Shuffle,Best3DeadliftKg,1478
Lateral Shuffle To Ball Drop,Best3DeadliftKg,1479
Lateral Shuffle To Sprint 10 Yards,Cardio_Core,1480
Lateral Shuffle With Ball Toss,Best3DeadliftKg,1481
Lateral Shuffles 10 Yards,Best3DeadliftKg,1482
Lateral Squat - Low Alternating (reps per leg),Best3SquatKg,1483
Lateral Step Up,Best3SquatKg,1484
Lateral band walk,Cardio_Core,1485
Lateral walks  (banded),Cardio_Core,1486
Lean In Lateral Raise (Dumbbell),Best3DeadliftKg,1487
Lean-Back Lat Pulldown,Best3DeadliftKg,1488
Lean-Back Seated Hip Abduction (Machine),Best3DeadliftKg,1489
Leaning In Lateral Raise,Best3DeadliftKg,1490
Leaning Overhead Extension,Best3BenchKg,1491
Leg Circles,Cardio_Core,1492
Leg Curl,Best3DeadliftKg,1493
"Leg Curl (12,10,8,6,4)",Best3DeadliftKg,1494
Leg Curl Machine (Not Lying),Best3DeadliftKg,1495
Leg Curl with Band,Cardio_Core,1496
Leg Extension,Best3SquatKg,1497
Leg Extension (Banded),Cardio_Core,1498
Leg Extension (Cable),Best3SquatKg,1499
Leg Extension (Dumbbell),Best3SquatKg,1500
Leg Extension (One Leg),Best3SquatKg,1501
Leg Extension (Single Leg),Best3SquatKg,1502
Leg Extension Single Leg,Best3SquatKg,1503
Leg Extension with Band,Cardio_Core,1504
Leg Kicks,Cardio_Core,1505
Leg Pres (Low Pad),Best3SquatKg,1506
Leg Press,Best3SquatKg,1507
Leg Press (45 Degrees),Best3SquatKg,1508
Leg Press Calf,Best3SquatKg,1509
Leg Press Calf Raises,Best3SquatKg,1510
Leg Pull-In,Best3DeadliftKg,1511
Leg Raise,Best3BenchKg,1512
Leg Raise (Captain's Chair),Best3BenchKg,1513
Leg Raise (Weighted Captains Chair),Best3BenchKg,1514
Leg Raise Floor,Best3BenchKg,1515
Leg Swings,Cardio_Core,1516
"Legg Press (12,10,8,6,4)",Best3BenchKg,1517
Legs Up Bench Press (Barbell),Best3BenchKg,1518
Library Deadlift,Best3DeadliftKg,1519
Lift From The Lap To Chest Height (Vertical Method 1),Best3BenchKg,1520
Light Cardio,Cardio_Core,1521
Light Hammer,Best3DeadliftKg,1522
Light Jog,Cardio_Core,1523
Light Leg Exercise (Swap Out For Something Thatll Pump Whatever Is Sore In Your Leg),Cardio_Core,1524
Light Stretching,Cardio_Core,1525
Light Weight For Distance,Cardio_Core,1526
Light cardio (Treadmill Or Rowing machine),Cardio_Core,1527
Line Hops,Cardio_Core,1528
Linear Accelerations - 30 Yards Moderate/ 10 Yards Max,Cardio_Core,1529
Linear Pogo Jumps 10 Yards,Cardio_Core,1530
Liu Raise,Best3BenchKg,1531
Load To Height,Cardio_Core,1532
Loading,Cardio_Core,1533
Log Press,Best3BenchKg,1534
Long Lever Ball Crunch,Cardio_Core,1535
Long Pause Bench Press,Best3BenchKg,1536
Long Rope Tricep Extension,Best3BenchKg,1537
Long Toss 30 Feet - Arc Throws,Best3DeadliftKg,1538
Long rope incline pushdown,Best3BenchKg,1539
Long rope standing overhead ext,Best3BenchKg,1540
Loop band Exercise,Cardio_Core,1541
Loop band curl,Cardio_Core,1542
Loop band row,Cardio_Core,1543
Low Bar Pin Squat,Best3SquatKg,1544
Low Cable Crossover,Best3BenchKg,1545
Low Cable Fly,Best3BenchKg,1546
Low Cable Incline Chest Fly,Best3BenchKg,1547
Low Chest Fly (Cable),Best3BenchKg,1548
Low Incline Flye (Dumbbell),Best3BenchKg,1549
Low Incline Press (Dumbbell),Best3BenchKg,1550
Low Row,Best3DeadliftKg,1551
Low Row - Plate Loaded (Arsenal),Best3DeadliftKg,1552
Low To High Cable Fly,Best3BenchKg,1553
Low To High Incline Cable Fly,Best3BenchKg,1554
Low-Intensity Cardio,Cardio_Core,1555
Low-To-High Cable Fly,Best3BenchKg,1556
Low-to-High Cable Fly,Best3BenchKg,1557
Lower Ab Leg Raises,Best3BenchKg,1558
Lower Abs With Propel Machine,Cardio_Core,1559
Lower Body Accessory 1,Best3SquatKg,1560
Lower Body Accessory 2,Best3SquatKg,1561
Lower Body Twist,Cardio_Core,1562
Lu Lateral Raise,Best3DeadliftKg,1563
Lu Lateral Raises,Best3DeadliftKg,1564
Lu Raise,Best3BenchKg,1565
Lu Raises,Best3BenchKg,1566
Lu raises,Best3BenchKg,1567
Lumberjack,Best3DeadliftKg,1568
Lunge (Barbell),Best3SquatKg,1569
Lunge (Bodyweight),Best3SquatKg,1570
Lunge (Dumbbell),Best3SquatKg,1571
Lunge (Kettlebell),Best3SquatKg,1572
Lunge Squat (Smith Machine),Best3SquatKg,1573
Lunge With Twist,Best3SquatKg,1574
Lunge With Twist Plate,Best3SquatKg,1575
Lying Behind The Back Neck Plate Elevation,Best3DeadliftKg,1576
Lying Bicep Curl,Best3DeadliftKg,1577
Lying Cable Curl,Best3DeadliftKg,1578
Lying Cable Row,Best3DeadliftKg,1579
Lying Cable Tricep Extension,Best3BenchKg,1580
Lying Chest Pass Med Ball Throw,Best3DeadliftKg,1581
Lying Chest Press,Best3BenchKg,1582
Lying Crucifix Lateral Raise,Best3DeadliftKg,1583
Lying DB Bicep Curl,Best3DeadliftKg,1584
Lying Face Pull (Rope),Best3DeadliftKg,1585
Lying Hamstring Curl,Best3DeadliftKg,1586
Lying Incline Curl,Best3DeadliftKg,1587
Lying Incline Death Curls,Best3DeadliftKg,1588
Lying Knee Drives,Cardio_Core,1589
Lying Knee Raise,Best3BenchKg,1590
Lying Leg Curl,Best3DeadliftKg,1591
Lying Leg Raise,Best3BenchKg,1592
Lying Overhead Tricep Extension (barbell),Best3BenchKg,1593
Lying Paused Rope Face Pull,Best3DeadliftKg,1594
Lying Pullover (Cable),Best3DeadliftKg,1595
Lying Rear Lateral Raise,Best3DeadliftKg,1596
Lying Reverse Fly,Best3BenchKg,1597
Lying Side Lateral Raise,Best3DeadliftKg,1598
Lying Sit Up,Cardio_Core,1599
Lying Toes To Bar,Cardio_Core,1600
Lying Tricep Extension,Best3BenchKg,1601
Lying Tricep Extension (Barbell),Best3BenchKg,1602
Lying Tricep Extension (Dumbbell),Best3BenchKg,1603
Lying Triceps Extension (EZ Bar),Best3BenchKg,1604
M Drill,Cardio_Core,1605
MAG Narrow Supine Cable Row,Best3DeadliftKg,1606
MCGILL BIG 3,Cardio_Core,1607
MEOW MEOW,Cardio_Core,1608
MMS Barbell Complex,Other_Manual_Review,1609
MTS Front Pulldown,Best3DeadliftKg,1610
MTS Low Row Machine,Best3DeadliftKg,1611
MTS Row,Best3DeadliftKg,1612
Mace Ball 360,Other_Manual_Review,1613
Mace Ball Uppercut,Other_Manual_Review,1614
Mace Work,Other_Manual_Review,1615
Machine Ab Crunches,Cardio_Core,1616
Machine Bench,Best3DeadliftKg,1617
Machine Bench Press,Best3DeadliftKg,1618
Machine Calf Raise,Best3SquatKg,1619
Machine Chest Press (Flat),Best3DeadliftKg,1620
Machine Chest Press (Incline),Best3DeadliftKg,1621
Machine Chest Press (Neutral Grip),Best3DeadliftKg,1622
Machine Crunch,Cardio_Core,1623
Machine Flat Press,Best3DeadliftKg,1624
Machine Hip Thrust,Best3SquatKg,1625
Machine Lat Pulldown,Best3DeadliftKg,1626
Machine Leg Extension,Best3SquatKg,1627
Machine Leg Press,Best3SquatKg,1628
Machine Low Row,Best3DeadliftKg,1629
Machine Preacher Curl,Best3DeadliftKg,1630
Machine Press,Best3DeadliftKg,1631
Machine Pull Down,Best3DeadliftKg,1632
Machine Pull-down,Best3DeadliftKg,1633
Machine Wide Rows,Best3DeadliftKg,1634
Mag Grip Lat Pulldown,Best3DeadliftKg,1635
Main Hold,Other_Manual_Review,1636
Main Hold 2,Other_Manual_Review,1637
Manmaker (Bodyweight),Other_Manual_Review,1638
Marching Glute Bridge,Best3SquatKg,1639
Marching In Place,Best3DeadliftKg,1640
Martial Arts,Other_Manual_Review,1641
Massive Curls,Best3DeadliftKg,1642
Max - Bench/Press,Best3BenchKg,1643
Max - Squat/Hinge (Placeholder),Best3SquatKg,1644
Meadow Row,Best3DeadliftKg,1645
Meadows Curl,Best3DeadliftKg,1646
Meadows Row,Best3DeadliftKg,1647
Med Ball Backward Toss,Other_Manual_Review,1648
Med Ball Broad Toss,Other_Manual_Review,1649
Med Ball Chest Pass,Best3BenchKg,1650
Med Ball Crunch,Cardio_Core,1651
Med Ball Rotational Toss,Other_Manual_Review,1652
Med Ball Shot Toss,Other_Manual_Review,1653
Med Ball Side Slam,Other_Manual_Review,1654
Med Ball Side Toss,Other_Manual_Review,1655
Med Ball Slam,Other_Manual_Review,1656
Med Ball Soccer Toss,Other_Manual_Review,1657
Med ball slam and lateral throw,Best3DeadliftKg,1658
Medicine Ball Chest Pass,Best3BenchKg,1659
Medicine Ball Close Grip Push Up,Best3BenchKg,1660
Medicine Ball Floor Throw And Hip Toss,Best3SquatKg,1661
Medicine Ball Hook,Other_Manual_Review,1662
Medicine Ball Punch,Other_Manual_Review,1663
Medicine Ball Pushups,Best3BenchKg,1664
Medicine Ball Russian Twist,Other_Manual_Review,1665
Medicine Ball Throw,Best3DeadliftKg,1666
Medium MAG Pulldowns,Best3DeadliftKg,1667
Menno Curls,Best3DeadliftKg,1668
Mentzer Pulldown (Trap Set),Best3DeadliftKg,1669
Mercy 30 Curls,Best3DeadliftKg,1670
Mid Cable Fly,Best3BenchKg,1671
Middle Back Rows,Best3DeadliftKg,1672
Military Dumbbell Press,Best3BenchKg,1673
Military Grip Pull Up,Best3DeadliftKg,1674
Military Press (Barbell),Best3BenchKg,1675
Mini Band - External Rotation (reps per leg),Cardio_Core,1676
Mini Band - Walking,Cardio_Core,1677
Mobility,Other_Manual_Review,1678
Modified Curl Up,Best3DeadliftKg,1679
Modified Dragon Fly,Best3BenchKg,1680
Monastery Tricep Extension,Best3BenchKg,1681
Monster Walks,Cardio_Core,1682
Monster Walks (hip Circle),Cardio_Core,1683
Mountain Climber,Other_Manual_Review,1684
Moving Event,Other_Manual_Review,1685
Multi Direction Plank Series,Cardio_Core,1686
Muscle Up,Other_Manual_Review,1687
Muscle Up (Weighted),Other_Manual_Review,1688
Narrow Grip Pulldowns,Best3DeadliftKg,1689
Narrow Neutral Pulldown,Best3DeadliftKg,1690
Narrow Push Up,Best3DeadliftKg,1691
Nautilus Inspriation Row (Wide-Grip),Best3DeadliftKg,1692
Nautilus Single Arm Curl,Best3DeadliftKg,1693
Neck Circles,Other_Manual_Review,1694
Neck Curl,Best3DeadliftKg,1695
Neck Curl (Banded Or Plate),Cardio_Core,1696
Neck Curl&Extension,Best3DeadliftKg,1697
Neck Curls & Extensions,Best3DeadliftKg,1698
Neck Extension,Other_Manual_Review,1699
Neck Extension (Banded Or Plate),Cardio_Core,1700
Neck Flexion,Other_Manual_Review,1701
Neck Harness,Other_Manual_Review,1702
Neck Press/Guillotine Press,Best3BenchKg,1703
Neck Rotation,Other_Manual_Review,1704
Neck Side Curl,Best3DeadliftKg,1705
Neck Tilts,Other_Manual_Review,1706
Neck Work,Other_Manual_Review,1707
Negative Chin Ups,Best3DeadliftKg,1708
Negative Pull Up,Best3DeadliftKg,1709
Neutral Geip Seated Cable Row,Best3DeadliftKg,1710
Neutral Grip Bench,Best3BenchKg,1711
Neutral Grip Dumbbell Bench Press,Best3BenchKg,1712
Neutral Grip Pull Up,Best3DeadliftKg,1713
Neutral Grip Pull Ups (as Many Sets As Needed),Best3DeadliftKg,1714
Neutral Grip Row,Best3DeadliftKg,1715
Neutral Grip Seated Cable Row,Best3DeadliftKg,1716
Neutral-Grip Pulldowns,Best3DeadliftKg,1717
Nordic Curl,Best3DeadliftKg,1718
Nordic Curls (Freak Athlete),Best3DeadliftKg,1719
OHP Pin Press,Best3BenchKg,1720
Oblique 90 Degree Crunch,Cardio_Core,1721
Oblique Accessory 1,Other_Manual_Review,1722
Oblique Crunch,Cardio_Core,1723
Oblique Deadlift,Best3DeadliftKg,1724
Oblique Heel Touch,Other_Manual_Review,1725
Oblique QL Side Raise,Best3BenchKg,1726
Oblique Roman Chair With Weight,Other_Manual_Review,1727
Oblique Sidecrunch,Cardio_Core,1728
Oblique Twists,Other_Manual_Review,1729
Oblique twist,Other_Manual_Review,1730
Obliques (Oblique Crunches Etc.),Cardio_Core,1731
Offset Carry,Other_Manual_Review,1732
Omni Press,Best3BenchKg,1733
Omni-Man Style Barbell Row,Best3DeadliftKg,1734
Omnidirectional Sled Drag For Time,Other_Manual_Review,1735
One Arm  Pullup Test,Best3DeadliftKg,1736
One Arm Australian (Rings),Other_Manual_Review,1737
One Arm Bent Over Row,Best3DeadliftKg,1738
One Arm Cable Curl,Best3DeadliftKg,1739
"One Arm Cable Lateral Raise, Lean In, Cable Behind Back",Best3DeadliftKg,1740
One Arm Lateral Raise (Cable),Best3DeadliftKg,1741
One Arm Lateral Raise (Dumbbell),Best3DeadliftKg,1742
One Arm Overhead Carry with March,Best3BenchKg,1743
One Arm Overhead Extension (Cable),Best3BenchKg,1744
One Arm Overhead Press (Dumbbell),Best3BenchKg,1745
One Arm Press,Best3BenchKg,1746
One Arm Pulldown,Best3DeadliftKg,1747
One Arm Reverse Fly,Best3BenchKg,1748
One Arm Reverse Pec Deck,Best3BenchKg,1749
One Arm Rope Push Down,Best3BenchKg,1750
One Arm Row (Dumbell),Best3DeadliftKg,1751
One Arm Tricep Pressdown,Best3BenchKg,1752
One Arm Triceps Extension,Best3BenchKg,1753
One Leg Calf Raises,Best3SquatKg,1754
One Leg Hip Thrust,Best3SquatKg,1755
One Leg Jack Knife,Other_Manual_Review,1756
One Legged Bounds,Other_Manual_Review,1757
Open Stone,Other_Manual_Review,1758
Opposite Grip Pullups (Chins If Your Primary Is Pullups And Vice Versa),Best3DeadliftKg,1759
Optional Lower Body Accessory 1,Other_Manual_Review,1760
Overcoming ISO Close Grip Bench,Best3BenchKg,1761
Overcoming ISO Split Squats,Best3SquatKg,1762
Overhead Cable Bicep Curl,Best3DeadliftKg,1763
Overhead Cable Rope Extention,Best3BenchKg,1764
Overhead Carry,Best3BenchKg,1765
Overhead Chest Press,Best3BenchKg,1766
Overhead Dumbbell Carries,Best3BenchKg,1767
Overhead Extension (Dumbbell),Best3BenchKg,1768
Overhead Extension (EZ Bar),Best3BenchKg,1769
Overhead Extension - Partial,Best3BenchKg,1770
Overhead Lu Raise,Best3BenchKg,1771
Overhead March,Best3BenchKg,1772
Overhead PVC Pass-Throughs,Best3BenchKg,1773
Overhead Pin Press,Best3BenchKg,1774
Overhead Plate Circle,Best3DeadliftKg,1775
Overhead Press,Best3BenchKg,1776
Overhead Press (Banded),Cardio_Core,1777
Overhead Press (Barbell),Best3BenchKg,1778
Overhead Press (Dumbbell),Best3BenchKg,1779
Overhead Press (Machine),Best3DeadliftKg,1780
Overhead Press (Paused),Best3BenchKg,1781
Overhead Press (Smith Machine),Best3DeadliftKg,1782
Overhead Press (barbell - Paused),Best3BenchKg,1783
Overhead Rope Extension,Best3BenchKg,1784
Overhead Single Arm Rope Tricep Extension,Best3BenchKg,1785
Overhead Squat,Best3SquatKg,1786
Overhead Squat Holds (Pause at Bottom),Best3SquatKg,1787
Overhead Squat w/ Snatch Grip Press at Bottom,Best3SquatKg,1788
Overhead Tricep Extension,Best3BenchKg,1789
Overhead Tricep Extension (12-15),Best3BenchKg,1790
Overhead Tricep Extension (Cable),Best3BenchKg,1791
Overhead Tricep Extension (Dumbbell),Best3BenchKg,1792
Overhead Tricep Extension (EZ Bar),Best3BenchKg,1793
Overhead Tricep Extension (Kettlebell),Best3BenchKg,1794
Overhead Tricep Extension Machine,Best3DeadliftKg,1795
Overhead Triceps Stretch,Cardio_Core,1796
PJR Pullover,Best3DeadliftKg,1797
Pallof Hold,Other_Manual_Review,1798
Pallof Press,Best3BenchKg,1799
Pallof Press Holds,Best3BenchKg,1800
Pallof Press Walkouts,Cardio_Core,1801
Palms Facing Up - D Handle Tricep Pushdown,Best3BenchKg,1802
Parallel Pull Up W Knee Tuck,Best3DeadliftKg,1803
Partial Calf Raise,Best3SquatKg,1804
Partial Chin-Up,Best3DeadliftKg,1805
Partial Deadlift (Smith Machine),Best3DeadliftKg,1806
Partial Incline Press (Dumbbell),Best3BenchKg,1807
Partial Lateral Raise,Best3DeadliftKg,1808
Partial Lateral Raise (Cable),Best3DeadliftKg,1809
Partial Lateral Raise (Dumbbell),Best3DeadliftKg,1810
Partner Agility Drill,Cardio_Core,1811
Patrick Step,Best3SquatKg,1812
Pause Press(Bench),Best3BenchKg,1813
Pause Squat,Best3SquatKg,1814
Paused Barbell RDL,Best3DeadliftKg,1815
Paused Bench 2 Sec,Best3BenchKg,1816
Paused Calf Raise Of Choice,Best3SquatKg,1817
Paused Front Squats,Best3SquatKg,1818
Paused Incline Press,Best3BenchKg,1819
Paused Platz Squat (Barbell),Best3SquatKg,1820
Paused Push Up,Best3BenchKg,1821
Pec Deck (Machine),Best3DeadliftKg,1822
Pec Fly (Dumbbell),Best3BenchKg,1823
Pec Stretch,Cardio_Core,1824
Pec/Trap Complex,Best3BenchKg,1825
Pelican Curl,Best3DeadliftKg,1826
Pelvic Tilts,Other_Manual_Review,1827
Pendlay Row,Best3DeadliftKg,1828
Pendulum Squat,Best3SquatKg,1829
Penguins 🐧,Other_Manual_Review,1830
Peterson Step Ups,Best3SquatKg,1831
Peterson Step-Ups,Best3SquatKg,1832
Peterson Step-Ups (Weighted),Best3SquatKg,1833
Pigeon Stretch Altered,Cardio_Core,1834
Pigeon Stretch with Thoracic Rotation,Cardio_Core,1835
Pike Handstand Hold,Other_Manual_Review,1836
Pike Push Up,Best3BenchKg,1837
Pike Pushup,Best3BenchKg,1838
Pike Pushup (Feet Elevated),Best3BenchKg,1839
Pillar Bridge (hold),Other_Manual_Review,1840
Pillar Bridge w/ Arm Lift,Other_Manual_Review,1841
Pillar Bridge w/ Arm Reach,Other_Manual_Review,1842
Pin Press Bench (Barbell),Best3BenchKg,1843
Pin Press Squat,Best3SquatKg,1844
Pin Squat,Best3SquatKg,1845
Pin Squat (Barbell),Best3SquatKg,1846
Pin Squats,Best3SquatKg,1847
Pinwheel Curl,Best3DeadliftKg,1848
Pinwheel Curl (Dumbbell),Best3DeadliftKg,1849
Piriformis Stretch,Cardio_Core,1850
Pistol Squat,Best3SquatKg,1851
Pistol Squat (Assisted),Best3SquatKg,1852
Pistol Squat To Box,Best3SquatKg,1853
Plancha Bing Chilling,Other_Manual_Review,1854
Planche Progression,Other_Manual_Review,1855
Planche Progression Hold,Other_Manual_Review,1856
Planche Push Up,Best3BenchKg,1857
Plank,Cardio_Core,1858
Plank (Feet Elevated),Cardio_Core,1859
Plank (Weighted),Cardio_Core,1860
Plank Hip Dip,Cardio_Core,1861
Plank Pass Through,Cardio_Core,1862
Plank Pull Through,Cardio_Core,1863
Plank Rows,Cardio_Core,1864
Plank To Push Up,Cardio_Core,1865
Plank To Push-up,Cardio_Core,1866
Plank Walkout,Cardio_Core,1867
Plank With Dumbbell Row,Cardio_Core,1868
Plank With Dumbell Drag,Cardio_Core,1869
Plank With Feet On Bench,Cardio_Core,1870
Plank With Leg Lift,Cardio_Core,1871
Plank With Leg Lifts,Cardio_Core,1872
Plank With Resistance Band Rows,Cardio_Core,1873
Plank on Swissball,Cardio_Core,1874
Plank to Push Up,Cardio_Core,1875
Plank with Shoulder Taps,Cardio_Core,1876
Plat Loaded Machine Chestpress,Best3DeadliftKg,1877
Plate Front Raises,Best3DeadliftKg,1878
Plate Loaded Machine Chestpress,Best3DeadliftKg,1879
Plate Pin holder Hold,Best3DeadliftKg,1880
Plate Pinch,Best3DeadliftKg,1881
Plate Raise,Best3DeadliftKg,1882
Plate Raises,Best3DeadliftKg,1883
Plate Wrist Rotations,Best3DeadliftKg,1884
Plate pinch,Best3DeadliftKg,1885
Plate-loaded Overhead Press,Best3DeadliftKg,1886
Platz Squat,Best3SquatKg,1887
Plyo Push Up,Best3BenchKg,1888
Plyo Push up,Best3BenchKg,1889
Plyo Wall Reverse Throws,Best3DeadliftKg,1890
Plyometric Jumps,Cardio_Core,1891
Plyometric Push Ups,Best3BenchKg,1892
Plyometric Push-Up,Best3BenchKg,1893
Pogo Hop,Other_Manual_Review,1894
Pogo Jump,Cardio_Core,1895
Pogo Jumps,Cardio_Core,1896
Poliquin lateral raise,Best3DeadliftKg,1897
"Posterior Chain (Band Good Mornings, Bodyweight Hyperextensions, Etc.)",Cardio_Core,1898
Posture Excercise,Other_Manual_Review,1899
Powell Raise,Best3BenchKg,1900
Power Bounds Distance 10 Yards,Other_Manual_Review,1901
Power Bounds Height 10 Yards,Other_Manual_Review,1902
Power Clean,Best3DeadliftKg,1903
Power Jerk,Other_Manual_Review,1904
Power Shrug,Best3DeadliftKg,1905
Power Skips 20yds,Cardio_Core,1906
Power Skips Distance 20 Yrds,Cardio_Core,1907
Power Skips Height 20yds,Cardio_Core,1908
Power Snatch,Best3DeadliftKg,1909
Prayer Bench Press,Best3BenchKg,1910
Preacher Crunch,Cardio_Core,1911
Preacher Curl,Best3DeadliftKg,1912
Preacher Curl  (Plate Loaded),Best3DeadliftKg,1913
Preacher Curl (Barbell),Best3DeadliftKg,1914
Preacher Curl (Cable),Best3DeadliftKg,1915
Preacher Curl (Dumbbell),Best3DeadliftKg,1916
Preacher Curl (EZ Bar),Best3DeadliftKg,1917
Preacher Curl (Machine),Best3DeadliftKg,1918
Preacher Curl (Plate Loaded),Best3DeadliftKg,1919
Preacher Curl (machine),Best3DeadliftKg,1920
Preacher Curl - Hammer Strength,Best3DeadliftKg,1921
Preacher Curl Machine,Best3DeadliftKg,1922
Preacher Curl(Machine),Best3DeadliftKg,1923
Preacher Curls (Machine),Best3DeadliftKg,1924
Preacher Death Curls,Best3DeadliftKg,1925
Preacher Hammer Curl,Best3DeadliftKg,1926
Preacher Machine,Best3DeadliftKg,1927
Preacher Reverse Bicep Curl (Barbell),Best3DeadliftKg,1928
Precor Squat,Best3SquatKg,1929
Press Around,Best3BenchKg,1930
Press Down (Cable),Best3BenchKg,1931
Press/Push/Jerk Complex,Best3BenchKg,1932
Prime Leg Extension,Best3SquatKg,1933
Prisoner Swiss Ball Crunch,Cardio_Core,1934
Pro Shuttle Ea Direction,Cardio_Core,1935
Pronated Finger Curls,Best3DeadliftKg,1936
Pronation,Other_Manual_Review,1937
Pronation Curl,Best3DeadliftKg,1938
Pronation Curls,Best3DeadliftKg,1939
Prone Cobra Holds,Other_Manual_Review,1940
Prone Y Lifts,Other_Manual_Review,1941
Prone Y Raise,Best3BenchKg,1942
Prowler Pull,Best3DeadliftKg,1943
Prowler Push,Best3DeadliftKg,1944
Pull Accessories,Best3DeadliftKg,1945
Pull Apart (Cable),Best3DeadliftKg,1946
"Pull Down (12,10,8,6,4)",Best3DeadliftKg,1947
Pull On Ball Exercise,Best3DeadliftKg,1948
Pull Through (Cable),Best3DeadliftKg,1949
Pull Ups Max,Best3DeadliftKg,1950
Pull-Up,Best3DeadliftKg,1951
Pull-Up (Assisted),Best3DeadliftKg,1952
Pull-Up (Band),Cardio_Core,1953
Pull-Up (Bodyweight),Best3DeadliftKg,1954
"Pull-Up (Neutral Grip, Bodyweight)",Best3DeadliftKg,1955
"Pull-Up (Neutral Grip, Weighted)",Best3DeadliftKg,1956
Pull-Up (Weighted),Best3DeadliftKg,1957
Pull-Up Negatives,Best3DeadliftKg,1958
PullAround,Best3DeadliftKg,1959
Pulldown (Vbar),Best3DeadliftKg,1960
Pulley,Best3DeadliftKg,1961
Pullover,Best3DeadliftKg,1962
Pullover (Dumbbell),Best3DeadliftKg,1963
Pullover (EZ Bar),Best3DeadliftKg,1964
Pullover (Machine),Best3DeadliftKg,1965
Pullover Barbell,Best3DeadliftKg,1966
Pullover Press,Best3DeadliftKg,1967
Punching Bag,Best3DeadliftKg,1968
Push Accessories,Best3BenchKg,1969
Push Jerk,Best3BenchKg,1970
Push Press (Barbell),Best3BenchKg,1971
Push Press (Dumbbell),Best3BenchKg,1972
Push Up,Best3BenchKg,1973
Push Up (Defecit),Best3BenchKg,1974
Push Up (Incline),Best3BenchKg,1975
Push Up (Knees),Best3BenchKg,1976
Push Up (Weighted),Best3BenchKg,1977
Push Up Pyramid,Best3BenchKg,1978
Push-Up To Resistance Band Row,Cardio_Core,1979
Push-Up Variations (Incline Or Weighted),Best3BenchKg,1980
Push-ups Sprint,Cardio_Core,1981
Pushup,Best3BenchKg,1982
Pushup With Rotation,Best3BenchKg,1983
Quad extensions,Other_Manual_Review,1984
Quad/Hip Flexor Stretch - 1/2 Kneeling,Cardio_Core,1985
Quadriceps Sets,Other_Manual_Review,1986
Quadruped T-Spine Rotations,Other_Manual_Review,1987
Quadruped Thread-the-Needle Rotations,Other_Manual_Review,1988
Quarter Arc Runs,Cardio_Core,1989
Quarter Squat Jumps Rythmic,Cardio_Core,1990
R.B Ab Twist,Other_Manual_Review,1991
RDL (Smith Machine),Best3DeadliftKg,1992
RDL / Same Movement,Best3DeadliftKg,1993
RDLs,Best3DeadliftKg,1994
REVERSE GRIP DUMBBELL BENCHPRESS,Best3BenchKg,1995
RP Barbell Wrist Curls,Best3DeadliftKg,1996
RP DB Drag Curl,Best3DeadliftKg,1997
RP Flat Hammer Chest Press,Best3DeadliftKg,1998
RP HS Underhand Pulldowns,Best3DeadliftKg,1999
RP Hammer Curls,Best3DeadliftKg,2000
RP Hammer Strength Lateral Raise - Single Arm,Best3DeadliftKg,2001
RP Hammer Strength Shoulder Press - Plate Loaded,Best3DeadliftKg,2002
RP Incline Hammer Strength Press,Best3BenchKg,2003
RP Lat Pulldowns,Best3DeadliftKg,2004
RP Lying Leg Curl (Prime),Best3DeadliftKg,2005
RP Machine Curls,Best3DeadliftKg,2006
RP Machine Dips,Best3DeadliftKg,2007
RP Military Press,Best3BenchKg,2008
RP Nautilus Chain Fed Decline Press,Best3BenchKg,2009
RP Overhead Triceps Extension,Best3BenchKg,2010
RP Ricky Pulldown,Best3DeadliftKg,2011
RP Seated Dumbbell Curl,Best3DeadliftKg,2012
RP Seated Hamstring Curls,Best3DeadliftKg,2013
RP SportsArt Triceps Extension,Best3BenchKg,2014
RTO Push Up,Best3BenchKg,2015
Rack Chins,Best3DeadliftKg,2016
Rack Deadlifts,Best3DeadliftKg,2017
Rack Pull (Barbell),Best3DeadliftKg,2018
Reaching Situp,Best3DeadliftKg,2019
Reactive Box Jump,Cardio_Core,2020
Rear Delt 45 Degrees Cable Flye,Best3BenchKg,2021
Rear Delt Cable,Best3BenchKg,2022
Rear Delt Cable Fly,Best3BenchKg,2023
Rear Delt Cable Flye,Best3BenchKg,2024
Rear Delt Cable fly,Best3BenchKg,2025
Rear Delt Fly (Cable),Best3BenchKg,2026
Rear Delt Fly (Dumbbell),Best3BenchKg,2027
Rear Delt Fly (Machine),Best3DeadliftKg,2028
Rear Delt Fly (Single Arm),Best3BenchKg,2029
Rear Delt Fly Of Choice,Best3BenchKg,2030
Rear Delt Fly Unilateral,Best3DeadliftKg,2031
Rear Delt Neck Supported,Best3BenchKg,2032
Rear Delt Row,Best3DeadliftKg,2033
Rear Delt Skier,Best3BenchKg,2034
Rear Delts,Best3BenchKg,2035
Rear Foot Elevated Split Squat,Best3SquatKg,2036
Rear Foot Elevated Straight Leg Deadlift (Dumbbell),Best3DeadliftKg,2037
Rebound Box Jumps,Cardio_Core,2038
Renegade Row,Best3DeadliftKg,2039
Reserve Fly,Best3BenchKg,2040
Resistance Band Chest Fly,Cardio_Core,2041
Resistance Band Deadlifts,Cardio_Core,2042
Resistance Band Push-Ups,Cardio_Core,2043
Resistance Band Stretching,Cardio_Core,2044
Resisted Alternating Knee To Chest,Best3BenchKg,2045
Resisted Rotations,Other_Manual_Review,2046
Rest,Other_Manual_Review,2047
Rest 2 To 3 Minutes,Other_Manual_Review,2048
Rest Pause - Biceps (Placeholder),Best3DeadliftKg,2049
Rest Pause - Calves (Placeholder),Other_Manual_Review,2050
Rest Pause - Chest Isolation (Placeholder),Best3DeadliftKg,2051
Rest Pause - Hamstring Isolation (Placeholder),Best3DeadliftKg,2052
Rest Pause - Horizontal Pull (Placeholder),Best3DeadliftKg,2053
Rest Pause - Lateral Raise (Placeholder),Best3DeadliftKg,2054
Rest Pause - Quad Isolation (Placeholder),Best3DeadliftKg,2055
Rest Pause - Rear Delts (Placeholder),Best3BenchKg,2056
Rest Pause - Triceps Isolation (Placeholder),Best3DeadliftKg,2057
Rest Pause - Vertical Pull (Placeholder),Best3DeadliftKg,2058
Rest Pause - Vertical Push (Placeholder),Best3BenchKg,2059
Retro Walking Treadmill,Cardio_Core,2060
Reverse Abs Crunch (Bodyweight),Cardio_Core,2061
Reverse Bicep Curl,Best3DeadliftKg,2062
Reverse Bicep Curl (Barbell),Best3DeadliftKg,2063
Reverse Bicep Curl (Cable),Best3DeadliftKg,2064
Reverse Bicep Curl (Dumbbell),Best3DeadliftKg,2065
Reverse Bicep Curl (EZ Bar),Best3DeadliftKg,2066
Reverse Bicep Curl (cable)!,Best3DeadliftKg,2067
Reverse Cable Curl,Best3DeadliftKg,2068
Reverse Cable Fly,Best3BenchKg,2069
Reverse Cambered Bar Bench Press,Best3BenchKg,2070
Reverse Crunch (Weighted),Cardio_Core,2071
Reverse Curl,Best3DeadliftKg,2072
Reverse Curl Cable,Best3DeadliftKg,2073
Reverse Curls,Best3DeadliftKg,2074
Reverse Dumbbell Fly,Best3BenchKg,2075
Reverse Dumbell Fly,Best3BenchKg,2076
Reverse Fly,Best3BenchKg,2077
Reverse Fly (Cable),Best3BenchKg,2078
Reverse Fly (Machine),Best3DeadliftKg,2079
Reverse Flye (Cable),Best3BenchKg,2080
Reverse Forearm Curl,Best3DeadliftKg,2081
Reverse Forearm Curls,Best3DeadliftKg,2082
Reverse Grip Bench,Best3BenchKg,2083
Reverse Grip Bench Press,Best3BenchKg,2084
Reverse Grip Bench Press (Smith Machine),Best3DeadliftKg,2085
Reverse Grip Cable Tricep Extension,Best3BenchKg,2086
Reverse Grip Cable Triceps Extension,Best3BenchKg,2087
Reverse Grip Curl (Cable),Best3DeadliftKg,2088
Reverse Grip Decline Pushup,Best3BenchKg,2089
Reverse Grip EZ Bar Curl,Best3DeadliftKg,2090
Reverse Grip Lat Pulldown,Best3DeadliftKg,2091
Reverse Grip Machine Rows,Best3DeadliftKg,2092
Reverse Grip Preacher Curl,Best3DeadliftKg,2093
Reverse Grip Push Down,Best3BenchKg,2094
Reverse Grip Pushdown,Best3BenchKg,2095
Reverse Grip Rotational Floor/Bench Press (Dumbbell),Best3BenchKg,2096
Reverse Grip Tricep Extension,Best3BenchKg,2097
Reverse Grip Tricep Pushdown,Best3BenchKg,2098
Reverse Hack Squat,Best3SquatKg,2099
Reverse Hack Squats,Best3SquatKg,2100
Reverse Hamstring Curls,Best3DeadliftKg,2101
Reverse Hyperextension,Other_Manual_Review,2102
Reverse Leg Extension,Best3SquatKg,2103
Reverse Lunge (Barbell),Best3SquatKg,2104
Reverse Lunge (Bodyweight),Best3SquatKg,2105
Reverse Lunge (Dumbbell),Best3SquatKg,2106
Reverse Lunge To Overhead Press,Best3SquatKg,2107
Reverse Lunge-Foot Evelated,Best3SquatKg,2108
Reverse Lunges,Best3SquatKg,2109
Reverse Medicine Ball Throw,Best3DeadliftKg,2110
Reverse Nordic Curl,Best3DeadliftKg,2111
Reverse Pec Dec,Best3BenchKg,2112
Reverse Pec Deck,Best3BenchKg,2113
Reverse Pecdec Fly,Best3BenchKg,2114
Reverse Plank,Cardio_Core,2115
Reverse Pushdown,Best3BenchKg,2116
Reverse Row,Best3DeadliftKg,2117
Reverse Sled Drag,Other_Manual_Review,2118
Reverse Sled Pull,Best3DeadliftKg,2119
Reverse Step-Downs,Best3SquatKg,2120
Reverse Wrist Curl,Best3DeadliftKg,2121
Reverse Wrist Curl (Barbell),Best3DeadliftKg,2122
Reverse Wrist Curl (Cable),Best3DeadliftKg,2123
Reverse Wrist Curl (Dumbbell),Best3DeadliftKg,2124
Reverse Wrist Curls,Best3DeadliftKg,2125
Reverse-Grip Dumbbell Press,Best3BenchKg,2126
Reverse-Grip Pulldowns,Best3DeadliftKg,2127
Rhino Row - Single Arm,Best3DeadliftKg,2128
Rhomboid Pulldown,Best3DeadliftKg,2129
Ring Ab Rollout,Cardio_Core,2130
Ring Archer Pull Ups,Best3DeadliftKg,2131
Ring Curl,Best3DeadliftKg,2132
Ring Dip,Best3BenchKg,2133
Ring Dip (Weighted),Best3BenchKg,2134
Ring Face Pull,Best3DeadliftKg,2135
Ring Guillotine Push-up,Best3BenchKg,2136
Ring Ham Curl (Basically Hip Thrust + Leg Curl),Best3SquatKg,2137
Ring Inverted Row,Best3DeadliftKg,2138
Ring Knee Tucks,Other_Manual_Review,2139
Ring Lat Pull,Best3DeadliftKg,2140
Ring Pike Push Up,Best3BenchKg,2141
Ring Pull Up,Best3DeadliftKg,2142
Ring Pull Ups,Best3DeadliftKg,2143
Ring Pull-Up,Best3DeadliftKg,2144
"Ring Pull-up (Overhand, Neutral)",Best3DeadliftKg,2145
Ring Push Up,Best3BenchKg,2146
Ring Push Up (Weighted),Best3BenchKg,2147
Ring Push-up,Best3BenchKg,2148
Ring Rack Chins,Best3DeadliftKg,2149
Ring Rear Delt Flies,Best3BenchKg,2150
Ring Row,Best3DeadliftKg,2151
Ring Row (Weighted),Best3DeadliftKg,2152
Ring Sissy Squat,Best3SquatKg,2153
Ring Tricep Extensions,Best3BenchKg,2154
Ring Triceps Extension,Best3BenchKg,2155
Ring Triceps Extensions,Best3BenchKg,2156
Rising,Other_Manual_Review,2157
Rock Bar Overhead Swings,Best3BenchKg,2158
Roll Up,Other_Manual_Review,2159
Rolling Plank,Cardio_Core,2160
Rolling Tricep Extension (Dumbbell),Best3BenchKg,2161
Rollouts,Cardio_Core,2162
Roman Chair Leg Raise,Best3BenchKg,2163
Roman Chair Sit Up,Cardio_Core,2164
Romanian Chair Leg Raise,Best3BenchKg,2165
Romanian Deadlift,Best3DeadliftKg,2166
"Romanian Deadlift (12,10,8,6,4)",Best3DeadliftKg,2167
Romanian Deadlift (B Stance),Best3DeadliftKg,2168
Romanian Deadlift (Barbell),Best3DeadliftKg,2169
Romanian Deadlift (Bottom Pause),Best3DeadliftKg,2170
Romanian Deadlift (Deficit),Best3DeadliftKg,2171
Romanian Deadlift (Dumbbell),Best3DeadliftKg,2172
Romanian Deadlift (Smith Machine),Best3DeadliftKg,2173
Romanian Deadlift (Trap Bar),Best3DeadliftKg,2174
Romanian Deadlifts,Best3DeadliftKg,2175
Romanian Zercher Deadlift,Best3DeadliftKg,2176
Rope Cable Pullovers,Best3DeadliftKg,2177
Rope Crunches,Cardio_Core,2178
Rope Curl,Best3DeadliftKg,2179
Rope Face Pulls,Best3DeadliftKg,2180
Rope Hammer Curl,Best3DeadliftKg,2181
Rope Pullover,Best3DeadliftKg,2182
Rope/ Towel Ups,Other_Manual_Review,2183
Rotary Torso,Other_Manual_Review,2184
Rotating Bicep Curl,Best3DeadliftKg,2185
Rotating Plank,Cardio_Core,2186
Rotational Landmine Push Press,Best3BenchKg,2187
Rotator Cuff,Other_Manual_Review,2188
Rotator Cuff (Seated - Kneesovertoes),Other_Manual_Review,2189
Rotator Cuff Eccentrics,Other_Manual_Review,2190
Rotator Cuff Pull Overs,Best3DeadliftKg,2191
Round Off,Other_Manual_Review,2192
Row,Best3DeadliftKg,2193
Row (Band),Cardio_Core,2194
Row Between Chairs,Best3DeadliftKg,2195
Row T-Bar,Best3DeadliftKg,2196
Rubber Band Vertical Pull-A-Parts,Cardio_Core,2197
Ruck March,Other_Manual_Review,2198
Rucking,Other_Manual_Review,2199
Run,Cardio_Core,2200
Running In Place,Cardio_Core,2201
Running In Place Toe Tap Air Touch,Cardio_Core,2202
Russian Twist,Other_Manual_Review,2203
Russian Twist (Dumbbell),Other_Manual_Review,2204
SL Leg Extensions,Best3SquatKg,2205
SSB Bear Hug Squat,Best3SquatKg,2206
SSB Good Morning,Best3DeadliftKg,2207
SSB Squat,Best3SquatKg,2208
SSB Walk For Time,Cardio_Core,2209
Safety Bar Hatfield Squat,Best3SquatKg,2210
Safety Bar Squat,Best3SquatKg,2211
Safety Squat Bar Wide Stance,Best3SquatKg,2212
Sandbag  Press,Best3BenchKg,2213
Sandbag Bear Hug Carry,Other_Manual_Review,2214
Sandbag Bear Hug Carry (3 Sets),Other_Manual_Review,2215
Sandbag Bear Hug Lunge,Best3SquatKg,2216
Sandbag Bent-Over Row,Best3DeadliftKg,2217
Sandbag Box Squat,Best3SquatKg,2218
Sandbag Carry,Other_Manual_Review,2219
Sandbag Clean,Best3DeadliftKg,2220
Sandbag Clean Over Shoulder,Best3DeadliftKg,2221
Sandbag Floor Press,Best3BenchKg,2222
Sandbag Getup To Shoulder Carry,Best3BenchKg,2223
Sandbag High Pull (3xReps),Best3DeadliftKg,2224
Sandbag Highpull,Best3DeadliftKg,2225
Sandbag Press,Best3BenchKg,2226
Sandbag Row,Best3DeadliftKg,2227
Sandbag Row (3xReps),Best3DeadliftKg,2228
Sandbag Shoulder,Best3BenchKg,2229
Sandbag Shoulder Squat,Best3SquatKg,2230
Sandbag Shoulder Toss,Best3BenchKg,2231
Sandbag Squat,Best3SquatKg,2232
Sandbag To Chest,Best3BenchKg,2233
Sandbag To Shoulder,Best3BenchKg,2234
Sandbag carry,Other_Manual_Review,2235
Sandbag-To-Shoulder,Best3BenchKg,2236
Sauna,Other_Manual_Review,2237
Scap Pull Down,Best3DeadliftKg,2238
Scapular Pull-Up,Best3DeadliftKg,2239
Scapular Pull-Ups,Best3DeadliftKg,2240
Scapular Push Up,Best3BenchKg,2241
Scapular Wall Slides,Other_Manual_Review,2242
Scarecrows,Best3DeadliftKg,2243
SchräGbankdrüCken,Other_Manual_Review,2244
Scissor Jumps,Cardio_Core,2245
Scissor Kick,Other_Manual_Review,2246
Scissors For Abs,Cardio_Core,2247
Scott Curl,Best3DeadliftKg,2248
Seal Row,Best3DeadliftKg,2249
Seated Abductor Machine (15-20),Best3DeadliftKg,2250
Seated Alternating Lateral,Best3DeadliftKg,2251
Seated Altrnating Dumbell Curl,Best3DeadliftKg,2252
Seated Anterior Delt Press (AD),Best3BenchKg,2253
Seated Barbell Shoulder Press,Best3BenchKg,2254
Seated Bicep Curl,Best3DeadliftKg,2255
Seated Biceps Curl,Best3DeadliftKg,2256
Seated Bike,Cardio_Core,2257
Seated Box Jumps,Cardio_Core,2258
Seated Cable Crunch,Cardio_Core,2259
Seated Cable Overhead Bicep Curl,Best3DeadliftKg,2260
Seated Cable Row,Best3DeadliftKg,2261
Seated Cable Row (One Arm),Best3DeadliftKg,2262
Seated Calf Raise,Best3SquatKg,2263
Seated Calf Raise (Machine),Best3SquatKg,2264
Seated DB Good Morning,Best3DeadliftKg,2265
Seated DB Shoulder Press,Best3BenchKg,2266
Seated Dead Bugs,Other_Manual_Review,2267
Seated Deadlift,Best3DeadliftKg,2268
Seated Dip (Machine),Best3DeadliftKg,2269
Seated Dumbbel Shrugs,Best3DeadliftKg,2270
Seated Dumbbell Calf Raise,Best3SquatKg,2271
Seated Dumbbell Curl,Best3DeadliftKg,2272
Seated Dumbbell Hammer Curls,Best3DeadliftKg,2273
Seated Dumbbell Lateral Raise,Best3DeadliftKg,2274
Seated Dumbbell Press,Best3BenchKg,2275
Seated Face Pull,Best3DeadliftKg,2276
Seated Flexion Row,Best3DeadliftKg,2277
Seated Flyes (Cables),Best3BenchKg,2278
Seated Forward Fold,Other_Manual_Review,2279
Seated French Press (Dumbbell),Best3BenchKg,2280
Seated French Press (EZ/Barbell),Best3BenchKg,2281
Seated Front Raise,Best3BenchKg,2282
Seated Good Morning,Best3DeadliftKg,2283
Seated Good morning,Best3DeadliftKg,2284
Seated Hammer Curl,Best3DeadliftKg,2285
Seated Hamstring Curl,Best3DeadliftKg,2286
Seated Hamstring Curl (Machine),Best3DeadliftKg,2287
Seated High Cable Row (Upper Back & Traps),Best3DeadliftKg,2288
Seated Incline Hammer Curl,Best3DeadliftKg,2289
Seated Incline Press,Best3BenchKg,2290
Seated Lateral Raise,Best3DeadliftKg,2291
Seated Lateral Raise Machine,Best3DeadliftKg,2292
Seated Leg Curl,Best3DeadliftKg,2293
Seated Leg Curl (Cable),Best3DeadliftKg,2294
Seated Leg Curl Eccentrics,Best3DeadliftKg,2295
Seated Leg Curls,Best3DeadliftKg,2296
Seated Leg Extension (Machine),Best3SquatKg,2297
Seated Leg curl,Best3DeadliftKg,2298
Seated Military Press (Barbell),Best3BenchKg,2299
Seated Military Press (Smith Machine),Best3DeadliftKg,2300
Seated Military Press (smith Machine),Best3DeadliftKg,2301
Seated Or Lying Hamstring Curl (Swap This Out For Either),Best3DeadliftKg,2302
Seated Overhead Extension (EZ Bar),Best3BenchKg,2303
Seated Overhead Pin Press (Barbell),Best3BenchKg,2304
Seated Overhead Press (Barbell),Best3BenchKg,2305
Seated Overhead Press (Dumbbell),Best3BenchKg,2306
Seated Overhead Press (No Back Support),Best3BenchKg,2307
Seated Overhead Press (Smith Machine),Best3DeadliftKg,2308
Seated Pin Press (Barbell),Best3BenchKg,2309
Seated Rhino Row,Best3DeadliftKg,2310
Seated Row (BB),Best3DeadliftKg,2311
Seated Row (Cable),Best3DeadliftKg,2312
Seated Row (Machine),Best3DeadliftKg,2313
Seated Shoulder Press,Best3BenchKg,2314
"Seated Shoulder Press (12,10,8,6,4)",Best3BenchKg,2315
Seated Shoulder Press (Behind Neck),Best3BenchKg,2316
Seated Shoulder Press (Dumbbell),Best3BenchKg,2317
Seated Side Lateral Raise,Best3DeadliftKg,2318
Seated Spinal Twist,Other_Manual_Review,2319
Seated Straight Row - Hammer Strength,Best3DeadliftKg,2320
Seated T-Spine Rotations w/ PVC,Other_Manual_Review,2321
Seated Tibialis Raise,Best3BenchKg,2322
Seated Tricep Press (Dumbbell),Best3BenchKg,2323
Seated Tricep Pushdown,Best3BenchKg,2324
Seated Triceps Press,Best3BenchKg,2325
Seated Triceps Push Down,Best3BenchKg,2326
Seated Twists,Other_Manual_Review,2327
Seated Wide-Grip Row (Cable),Best3DeadliftKg,2328
Seated Wrist Curls (12-15),Best3DeadliftKg,2329
Seated alternating Dumbell Bicep Curl,Best3DeadliftKg,2330
Seated low pulley wrist curl,Best3DeadliftKg,2331
Secondary Hold,Other_Manual_Review,2332
Select Your Extension (Swap This Out For A Listed Exercise),Other_Manual_Review,2333
Select Your Leg Accessory (Swap This Out For A Listed Exercise),Other_Manual_Review,2334
Select Your Pressdown (Swap This Out For A Listed Exercise),Best3BenchKg,2335
Select Your Squat Accessory (Swap This Out For A Listed Exercise),Best3SquatKg,2336
Selkä,Other_Manual_Review,2337
Serratus Abduction,Other_Manual_Review,2338
Shadow Boxing,Other_Manual_Review,2339
Shadow Kick Boxing,Other_Manual_Review,2340
Sheaf Throw,Best3DeadliftKg,2341
Shiko,Other_Manual_Review,2342
Short Foot Exercise,Other_Manual_Review,2343
Short-Lever Copenhagen,Other_Manual_Review,2344
Shoulder Banded Rotations,Cardio_Core,2345
Shoulder Complex (Dumbbell),Best3BenchKg,2346
Shoulder Dislocations W/ Band,Cardio_Core,2347
Shoulder Halo,Best3BenchKg,2348
Shoulder Press,Best3BenchKg,2349
Shoulder Press (Machine),Best3DeadliftKg,2350
Shoulder Press (Plate Loaded),Best3DeadliftKg,2351
Shoulder Press (Seated),Best3BenchKg,2352
Shoulder Press (Smith Machine),Best3DeadliftKg,2353
Shoulder Press Smith Machine,Best3DeadliftKg,2354
Shoulder Press Smith machine,Best3DeadliftKg,2355
Shoulder Rotation,Best3BenchKg,2356
Shoulder YTWL,Best3BenchKg,2357
Shr,Other_Manual_Review,2358
Shrug (Band),Cardio_Core,2359
Shrug (Barbell),Best3DeadliftKg,2360
Shrug (Cable),Best3DeadliftKg,2361
Shrug (Dumbbell),Best3DeadliftKg,2362
Shrug (Machine),Best3DeadliftKg,2363
Shrug (Smith Machine),Best3DeadliftKg,2364
Shrug (Trap Bar),Best3DeadliftKg,2365
Shrug Smith,Best3DeadliftKg,2366
Shrug Smith Behind The Back,Best3DeadliftKg,2367
Shrugs (Smith Machine),Best3DeadliftKg,2368
Shrugs (Trap Bar),Best3DeadliftKg,2369
Shuttle Run,Cardio_Core,2370
Side Bend (Dumbbell),Cardio_Core,2371
Side Chop,Other_Manual_Review,2372
Side Crunch,Cardio_Core,2373
Side Crunch (Cable),Cardio_Core,2374
Side Extension,Other_Manual_Review,2375
Side Knees To Elbows,Other_Manual_Review,2376
Side Lateral Raise Cable,Best3DeadliftKg,2377
Side Lunge,Best3SquatKg,2378
Side Lying Clam (Plate),Best3DeadliftKg,2379
Side Lying Hip Abduction,Best3SquatKg,2380
Side Lying Leg Raises,Best3BenchKg,2381
Side Necks,Other_Manual_Review,2382
Side Plank,Cardio_Core,2383
Side Plank Hip Drops,Cardio_Core,2384
Side Plank Rotations,Cardio_Core,2385
Side Plank With Reach Under,Cardio_Core,2386
Side Plank With Rotation,Cardio_Core,2387
Side Planks With Band Resistance,Cardio_Core,2388
Side-Lying Clamshells,Other_Manual_Review,2389
Side-Lying Hip Abduction,Best3SquatKg,2390
Side-Lying Hip Raise,Best3SquatKg,2391
Single Arm Arnold Press,Best3BenchKg,2392
Single Arm Bench Press,Best3BenchKg,2393
Single Arm Bench Press (Dumbell/Kettlebell),Best3BenchKg,2394
Single Arm Bicep Curl,Best3DeadliftKg,2395
Single Arm Biceps Curls (cable),Best3DeadliftKg,2396
Single Arm Cable Row,Best3DeadliftKg,2397
Single Arm Chest Press (Machine),Best3DeadliftKg,2398
Single Arm Diagonal Pulldown (Machine),Best3DeadliftKg,2399
Single Arm Dumbbell Press,Best3BenchKg,2400
Single Arm Farmer Carry,Other_Manual_Review,2401
Single Arm Floor Press,Best3BenchKg,2402
Single Arm High Row (Cable),Best3DeadliftKg,2403
Single Arm High Row (Machine),Best3DeadliftKg,2404
Single Arm Incline Press,Best3BenchKg,2405
Single Arm Iso Row,Best3DeadliftKg,2406
Single Arm KB Snatch,Best3DeadliftKg,2407
Single Arm Kettlebell Swing,Other_Manual_Review,2408
Single Arm Landline Press,Best3BenchKg,2409
Single Arm Landmine Row,Best3DeadliftKg,2410
Single Arm Lat Pullover,Best3DeadliftKg,2411
Single Arm Lateral Cable Shoulder Raise,Best3DeadliftKg,2412
Single Arm Overhead Ext (Dumbell),Best3BenchKg,2413
Single Arm Overhead Exte,Best3BenchKg,2414
Single Arm Overhead Tricep Extension,Best3BenchKg,2415
Single Arm Overhead Tricep Extension (Cable),Best3BenchKg,2416
Single Arm Pec Deck,Best3BenchKg,2417
Single Arm Preacher Curl,Best3DeadliftKg,2418
Single Arm Preacher Curl (Dumbbell),Best3DeadliftKg,2419
Single Arm Preacher Curls,Best3DeadliftKg,2420
Single Arm Press - Iso Arms,Best3BenchKg,2421
Single Arm Pull Down,Best3DeadliftKg,2422
Single Arm Push Press (Dumbbell),Best3BenchKg,2423
Single Arm Pushdown,Best3BenchKg,2424
Single Arm Pushdown (Cable),Best3BenchKg,2425
Single Arm Rear Delt Cable Fly,Best3BenchKg,2426
Single Arm Rear Delt Fly,Best3BenchKg,2427
Single Arm Rear Delt Fly (Cable),Best3BenchKg,2428
Single Arm Rear Delt Fly (Dumbbell),Best3BenchKg,2429
Single Arm Row,Best3DeadliftKg,2430
Single Arm Row (Cable),Best3DeadliftKg,2431
Single Arm Row (Dumbbell),Best3DeadliftKg,2432
Single Arm Shoulder Press,Best3BenchKg,2433
Single Arm Snatch,Best3DeadliftKg,2434
Single Arm Tricep Extension (Cable),Best3BenchKg,2435
Single Arm Tricep Press down,Best3BenchKg,2436
Single Cable Front Raise,Best3BenchKg,2437
Single Cable Lateral Shoulder Push/Raise (Lift Via Elbow),Best3DeadliftKg,2438
Single Hand Kickback,Best3BenchKg,2439
Single Leg / Core Accessories,Cardio_Core,2440
Single Leg Barbell RDL,Best3DeadliftKg,2441
Single Leg Box Jump,Cardio_Core,2442
Single Leg Box Jump (land 2),Cardio_Core,2443
Single Leg Bridge,Other_Manual_Review,2444
Single Leg Broad Jump Ea Leg,Cardio_Core,2445
Single Leg Broad To 90,Other_Manual_Review,2446
Single Leg Calf Raise,Best3SquatKg,2447
Single Leg Calf Raise (Bodyweight),Best3SquatKg,2448
Single Leg Calf Raise (Machine),Best3SquatKg,2449
Single Leg Calf Raise (Weighted),Best3SquatKg,2450
Single Leg Calf Raise Machine,Best3SquatKg,2451
Single Leg Curl,Best3DeadliftKg,2452
Single Leg Deadlift,Best3DeadliftKg,2453
Single Leg Deadlift (Dumbbell),Best3DeadliftKg,2454
Single Leg Double Broad Jump,Cardio_Core,2455
Single Leg Extension,Best3SquatKg,2456
Single Leg Front To Lateral Raise,Best3DeadliftKg,2457
Single Leg Glute Bridge,Best3SquatKg,2458
Single Leg Hamstring Curl,Best3DeadliftKg,2459
Single Leg Hip Thrust,Best3SquatKg,2460
Single Leg Hip Thrust (Smith Machine),Best3SquatKg,2461
Single Leg Hurdle Jump,Cardio_Core,2462
Single Leg Jumps,Cardio_Core,2463
Single Leg Kettlebell Raise,Best3BenchKg,2464
Single Leg Lateral Broad Jump Ea Leg,Cardio_Core,2465
Single Leg Lateral Line Hops,Best3DeadliftKg,2466
Single Leg Leg Extension,Best3SquatKg,2467
Single Leg Line Hops,Other_Manual_Review,2468
Single Leg Linear Pogo Jumps 10 Yards,Cardio_Core,2469
Single Leg Lying Leg Curl,Best3DeadliftKg,2470
Single Leg Press,Best3SquatKg,2471
Single Leg Quad Extension,Other_Manual_Review,2472
Single Leg RDL,Best3DeadliftKg,2473
Single Leg Resistance Band Leg Extension,Cardio_Core,2474
Single Leg Romanian Deadlift,Best3DeadliftKg,2475
Single Leg Romanian Deadlift (Cable),Best3DeadliftKg,2476
Single Leg Seated Calf Raise,Best3SquatKg,2477
Single Leg Seated Calf Raise (Machine),Best3SquatKg,2478
Single Leg Seated Hamstring Curl,Best3DeadliftKg,2479
Single Leg Smith Romanian Deadlift,Best3DeadliftKg,2480
Single Leg Squat (On Plates),Best3SquatKg,2481
Single Leg Squat With Bench,Best3SquatKg,2482
Single Leg Stair Jumps,Cardio_Core,2483
Single Leg Standing Leg Curl (Arsenal),Best3DeadliftKg,2484
Single Leg Triple Jump,Cardio_Core,2485
Single Lex Extensions,Other_Manual_Review,2486
Single Single Double Bench Press,Best3BenchKg,2487
Single Single Double Incline Dumbbell Chest Press,Best3BenchKg,2488
Single arm Cable High Curl,Best3DeadliftKg,2489
Single arm tricep extension,Best3BenchKg,2490
Single dumbbell overhead press,Best3BenchKg,2491
Single-Arm Rainbow Curls,Best3DeadliftKg,2492
Single-Leg Balance(Barefoot),Other_Manual_Review,2493
Single-Leg Leg Curl,Best3DeadliftKg,2494
Single-Leg Leg Extension,Best3SquatKg,2495
Single-Leg Squats,Best3SquatKg,2496
Single-Leg Stand,Other_Manual_Review,2497
Single-Leg Stretch,Cardio_Core,2498
Single-arm Cable Chest Press,Best3BenchKg,2499
Single-arm Sideways Sit Reverse Pec-Dec,Best3BenchKg,2500
Single-arm Triceps Kickback (Cable),Best3BenchKg,2501
Sissy Squat,Best3SquatKg,2502
Sissy Squat (Weighted),Best3SquatKg,2503
Sissy Squat Weighted,Best3SquatKg,2504
Sissy Squats (Full ROM),Best3SquatKg,2505
Sissy Squats (Partial ROM),Best3SquatKg,2506
Sit Up,Cardio_Core,2507
Sit Ups (Weighted),Cardio_Core,2508
Sitting French Curl,Best3DeadliftKg,2509
Sitting Good Morning,Best3DeadliftKg,2510
Sitting Hamstring Stretch,Cardio_Core,2511
Six Ways,Other_Manual_Review,2512
Skater Hop,Other_Manual_Review,2513
Skater Jumps,Cardio_Core,2514
SkiErg,Cardio_Core,2515
Skier,Other_Manual_Review,2516
Skier Rows,Best3DeadliftKg,2517
Skiers (Dumbbell),Other_Manual_Review,2518
Skin The Cat,Other_Manual_Review,2519
Skull Crusher,Best3BenchKg,2520
Skull Crusher (Barbell),Best3BenchKg,2521
Skull Crusher (Bodyweight),Best3BenchKg,2522
Skull Crusher (Dumbbell),Best3BenchKg,2523
Skull Crusher (EZ Bar),Best3BenchKg,2524
Skull Crusher (EZ bar),Best3BenchKg,2525
Skull Crusher (EZ-Bar),Best3BenchKg,2526
Skull Crusher (Machine),Best3DeadliftKg,2527
Skull Crusher (Smith),Best3BenchKg,2528
Skull Crusher(Ez Bar)(Bar To Chin),Best3DeadliftKg,2529
Skull Crushers (Smith Machine),Best3DeadliftKg,2530
Skullcrusher (EZ Bar),Best3BenchKg,2531
Slant Board Calf Stretch,Cardio_Core,2532
Slant Board Situp,Other_Manual_Review,2533
Slant board calf stretch,Cardio_Core,2534
Sled,Other_Manual_Review,2535
Sled Drag,Other_Manual_Review,2536
Sled Drag Sideways,Other_Manual_Review,2537
Sled Drive,Other_Manual_Review,2538
Sled Press Calf Raises,Best3SquatKg,2539
Sled Pull,Best3DeadliftKg,2540
Sled Pull/Push,Best3DeadliftKg,2541
Sled Push,Best3BenchKg,2542
Sled Push And Pull,Best3DeadliftKg,2543
Sled Push Pull,Best3DeadliftKg,2544
Sled Push/Pull,Best3DeadliftKg,2545
Sled Row,Best3DeadliftKg,2546
Sled Trekken Naar Achter Explosief,Other_Manual_Review,2547
Sled Walks,Cardio_Core,2548
Sledgehammer,Other_Manual_Review,2549
Slider Leg Curl,Best3DeadliftKg,2550
Slight Incline Bench (Dumbbell),Best3BenchKg,2551
Sling Shot Bench Press (Barbell),Best3BenchKg,2552
Slow Eccentric Sissy Squats,Best3SquatKg,2553
Slow Negative Cossack Squats,Best3SquatKg,2554
Smith Good Morning,Best3DeadliftKg,2555
Smith Hack Squat,Best3SquatKg,2556
Smith Machine Anterior Delt Press,Best3DeadliftKg,2557
"Smith Machine Assisted SLDL (12,10,8,6,4)",Best3DeadliftKg,2558
Smith Machine Calf,Best3SquatKg,2559
Smith Machine Calf Raise,Best3SquatKg,2560
Smith Machine Hack Squat,Best3SquatKg,2561
Smith Machine Overhead Press,Best3DeadliftKg,2562
Smith Machine Reverse Lunge,Best3SquatKg,2563
Smith Machine Reverse Lunges,Best3SquatKg,2564
Smith Machine Row,Best3DeadliftKg,2565
Smith Machine Shoulder Press,Best3DeadliftKg,2566
Smith Machine Shrugs,Best3DeadliftKg,2567
Smith Machine Static Lunge W/ Elevated Front Foot,Best3SquatKg,2568
Smith Machine Upright Rows,Best3DeadliftKg,2569
Smith Press,Best3BenchKg,2570
Smith Row,Best3DeadliftKg,2571
Smith Shrug,Best3DeadliftKg,2572
Smith Unilateral Incline,Best3DeadliftKg,2573
Smith Unilateral Machine,Best3DeadliftKg,2574
Smith Upright Row,Best3DeadliftKg,2575
Snatch (Barbell),Best3DeadliftKg,2576
Snatch (Dumbbell),Best3DeadliftKg,2577
Snatch (Kettlebell),Best3DeadliftKg,2578
Snatch Complex,Best3DeadliftKg,2579
Snatch Deadlift,Best3DeadliftKg,2580
Snatch Grip Deadlift,Best3DeadliftKg,2581
Snatch Grip Romanian Deadlift,Best3DeadliftKg,2582
Snatch Grip Shrugs,Best3DeadliftKg,2583
Snatch Grip Sotts Press,Best3DeadliftKg,2584
Snatch Pull,Best3DeadliftKg,2585
Snatch-Grip Behind-Neck Press in Deep Squat,Best3SquatKg,2586
Sots Press,Best3BenchKg,2587
Special Finisher,Best3BenchKg,2588
Speed Bench,Cardio_Core,2589
Speed Bench Press,Cardio_Core,2590
Speed Deadlift,Cardio_Core,2591
Speed Deadlifts,Cardio_Core,2592
Speed Overhead Press,Cardio_Core,2593
Speed Squat,Cardio_Core,2594
Spider Curl,Best3DeadliftKg,2595
Spider Curl (EZ bar),Best3DeadliftKg,2596
Spider Front Raises,Best3BenchKg,2597
Spiderman Crunches,Cardio_Core,2598
Spin,Other_Manual_Review,2599
Split Jerk,Best3SquatKg,2600
Split Squat,Best3SquatKg,2601
Split Squat (Barbell),Best3SquatKg,2602
Split Squat (Bodyweight),Best3SquatKg,2603
Split Squat (Dumbbell),Best3SquatKg,2604
Split Squat (Smith Machine),Best3SquatKg,2605
Split Squat Front Foot Elevated (Smith Machine),Best3SquatKg,2606
Split Squat Jump,Cardio_Core,2607
Split stance KB Windmill,Best3SquatKg,2608
Spoto Press,Best3BenchKg,2609
Sprint,Cardio_Core,2610
Squat,Best3SquatKg,2611
Squat (Barbell),Best3SquatKg,2612
Squat (Bodyweight),Best3SquatKg,2613
Squat (Dumbbell),Best3SquatKg,2614
Squat (Low Bar),Best3SquatKg,2615
Squat (Paused),Best3SquatKg,2616
Squat (Smith Machine),Best3SquatKg,2617
Squat Heel Elavates,Best3SquatKg,2618
Squat Pin Presses,Best3SquatKg,2619
Squat Press,Best3SquatKg,2620
Squat Static Hold (Low Bar),Best3SquatKg,2621
Squat Thruster,Best3SquatKg,2622
Squat To Overhead Press,Best3SquatKg,2623
Squat Walkout,Cardio_Core,2624
Squat With Chains,Best3SquatKg,2625
Squat to Press (Dumbbell),Best3SquatKg,2626
Squats (Pin),Best3SquatKg,2627
Stability Ball Crunch,Cardio_Core,2628
Stability Ball Hamstring Curl,Best3DeadliftKg,2629
Staggered Trap Bar,Other_Manual_Review,2630
Stair Climber,Other_Manual_Review,2631
Stair Master,Other_Manual_Review,2632
Stair Stepper,Best3SquatKg,2633
Stairmaster,Other_Manual_Review,2634
Stairs,Other_Manual_Review,2635
Standing Arm Swing,Other_Manual_Review,2636
Standing Behind Neck Shoulder Press (Barbell),Best3BenchKg,2637
Standing Cable Abductors,Other_Manual_Review,2638
Standing Cable Hip Abduction,Best3SquatKg,2639
Standing Cable Row,Best3DeadliftKg,2640
Standing Calf Raise,Best3SquatKg,2641
Standing Calf Raise (Machine),Best3SquatKg,2642
Standing Close Cable Press,Best3BenchKg,2643
Standing Cross Body Cable Lateral Raise,Best3DeadliftKg,2644
Standing Dumbbell Wrist Extensions,Other_Manual_Review,2645
Standing Ez-Bar Curl,Best3DeadliftKg,2646
Standing Hip Flexor March,Best3SquatKg,2647
Standing Knee Drive,Other_Manual_Review,2648
Standing Leg Curl,Best3DeadliftKg,2649
Standing Leg Raise with Band,Cardio_Core,2650
Standing Low Cable Chest Press,Best3BenchKg,2651
Standing March (Bands),Cardio_Core,2652
Standing Oblique Crunches,Cardio_Core,2653
Standing Overhead Extension,Best3BenchKg,2654
"Standing Overhead Press (Smith Machine, Push Press)",Best3DeadliftKg,2655
Standing Pec Fly,Best3BenchKg,2656
Standing Pullover (Cable),Best3DeadliftKg,2657
Standing Reverse Fly,Best3BenchKg,2658
Standing SL Hamstring Curl (Monkey Foot),Best3DeadliftKg,2659
Standing Shoulder Press,Best3BenchKg,2660
Standing Shoulder Press (Dumbbell),Best3BenchKg,2661
Standing Side Crunch,Cardio_Core,2662
Standing Side-Leg Raises (Band),Cardio_Core,2663
Standing Single Leg Calf Raise,Best3SquatKg,2664
Standing Thoracic Rotation,Other_Manual_Review,2665
Standing wall angel,Other_Manual_Review,2666
Standng Calf Raise (Machine),Best3SquatKg,2667
Static Curl,Best3DeadliftKg,2668
Static Hold,Other_Manual_Review,2669
Stationary Bike,Cardio_Core,2670
Stationary Lunges,Best3SquatKg,2671
Stationary bike,Cardio_Core,2672
Steady-State Cardio,Cardio_Core,2673
Steal Starts 10 Yards,Other_Manual_Review,2674
Step downs,Best3SquatKg,2675
Step-Up (Weighted),Best3SquatKg,2676
Step-Up Box Jump,Cardio_Core,2677
Sternum Row,Best3DeadliftKg,2678
Stick Dislocates,Other_Manual_Review,2679
Stiff Leg Deadlift,Best3DeadliftKg,2680
Stiff Leg Deadlift (Dumbbell),Best3DeadliftKg,2681
Stiff Leg Deadlift Or Romanian Deadlift (Swap This Out For Either),Best3DeadliftKg,2682
Stiff Leg Deficit Deadlift,Best3DeadliftKg,2683
Stiff Leg Zercher Deadlift,Best3DeadliftKg,2684
Stiff RDL (Dumbbell),Best3DeadliftKg,2685
Stir The Pot,Other_Manual_Review,2686
Straigh bar - Cable pull down,Best3DeadliftKg,2687
Straight Arm Cable Pulldown,Best3DeadliftKg,2688
Straight Arm Chest Raise,Best3BenchKg,2689
Straight Arm Lat Pull Down (12-15),Best3DeadliftKg,2690
Straight Arm Pull Down,Best3DeadliftKg,2691
Straight Arm Pull Downs,Best3DeadliftKg,2692
Straight Arm Pulldown,Best3DeadliftKg,2693
Straight Arm Push down,Best3BenchKg,2694
Straight Arm Pushdown,Best3BenchKg,2695
Straight Back Kickbacks,Best3BenchKg,2696
Straight Bar Cable Extensions,Other_Manual_Review,2697
Straight Bar Lat Extension,Best3DeadliftKg,2698
Straight Bar Wrist Curl,Best3DeadliftKg,2699
Straight Leg Bounds 20 Yards,Other_Manual_Review,2700
Straight Leg Calf Raise,Best3SquatKg,2701
Straight Leg Calf Raise 2,Best3SquatKg,2702
Straight Leg Deadlift,Best3DeadliftKg,2703
Straight Leg Shuffle 20 Yrds,Other_Manual_Review,2704
Straight Leg Sit Up,Cardio_Core,2705
Straight-Arm Pulldown,Best3DeadliftKg,2706
Straight-Arm Pushdown,Best3BenchKg,2707
Straight-Bar Overhead Triceps Extension (Cable),Best3BenchKg,2708
Straight-Bar Triceps Pressdown,Best3BenchKg,2709
Strength - Hamstring Hinge (Placeholder),Best3DeadliftKg,2710
Strength - Horizontal Push (Placeholder),Best3BenchKg,2711
Strength - Quad Compound (Placeholder),Other_Manual_Review,2712
Strength - Squat/Hinge (Placeholder),Best3SquatKg,2713
Strength - Vertical Push (Placeholder),Best3BenchKg,2714
Stretching,Cardio_Core,2715
Strict Curl,Best3DeadliftKg,2716
Stright Arm Pulldown,Best3DeadliftKg,2717
Suitcase Carry,Other_Manual_Review,2718
Suitcase Carry March,Other_Manual_Review,2719
Suitcase Deadlift,Best3DeadliftKg,2720
Sumo Box Squat,Best3SquatKg,2721
Sumo Deadlift (Barbell),Best3DeadliftKg,2722
Sumo Deadlift (Box),Best3DeadliftKg,2723
Sumo Deadlift (Dumbbell),Best3DeadliftKg,2724
Sumo Deadlift (Paused),Best3DeadliftKg,2725
Sumo Leg Press,Best3SquatKg,2726
Sumo SLDL,Other_Manual_Review,2727
Sumo Squat,Best3SquatKg,2728
Sumo Squat Belt Squat,Best3SquatKg,2729
Sumo Stiff Leg Deadlift,Best3DeadliftKg,2730
Super ROM Lateral Dumbbell Raise,Best3DeadliftKg,2731
Super ROM Lateral Raise,Best3DeadliftKg,2732
Super ROM Overhead Cable Row,Best3DeadliftKg,2733
Super-Wide Weighted Pull-Ups,Best3DeadliftKg,2734
SuperWideGrip Pull-Ups (Weighted),Best3DeadliftKg,2735
Superman,Other_Manual_Review,2736
Superman Alternating Sides,Other_Manual_Review,2737
Superman Hold,Other_Manual_Review,2738
Superman Quad,Other_Manual_Review,2739
Supinated Chest Supported Row (Machine),Best3DeadliftKg,2740
Supinated Grip Chin-ups,Best3DeadliftKg,2741
Supine Scorpions,Other_Manual_Review,2742
Swan Dive,Other_Manual_Review,2743
Swim,Cardio_Core,2744
Swiss Ball Leg Curl,Best3DeadliftKg,2745
Swiss Bar Bench,Best3BenchKg,2746
T Bar Rows,Best3DeadliftKg,2747
T Drll,Other_Manual_Review,2748
T-Bar Row,Best3DeadliftKg,2749
T-Bar Row (Chest Supported),Best3DeadliftKg,2750
T-Bar Rows,Best3DeadliftKg,2751
TNF Row (upper Back),Best3DeadliftKg,2752
TRICEPS,Best3BenchKg,2753
TRX Biceps Curls,Best3DeadliftKg,2754
TRX Face Pull,Best3DeadliftKg,2755
TRX Facepull,Best3DeadliftKg,2756
TRX High Feet Pushup,Best3BenchKg,2757
TRX High Row,Best3DeadliftKg,2758
TRX Row,Best3DeadliftKg,2759
TRX Single Leg Squats,Best3SquatKg,2760
TRX Squat - Pause At Bottom,Best3SquatKg,2761
TRX T,Other_Manual_Review,2762
Tate Press,Best3BenchKg,2763
Tech Drills,Other_Manual_Review,2764
Tempo Bench Press,Best3BenchKg,2765
Tempo Bulgarian Splits Squats,Best3SquatKg,2766
Tempo Deadlift,Best3DeadliftKg,2767
Tempo OHP,Other_Manual_Review,2768
Tempo Overhead Press,Best3BenchKg,2769
Tempo Overheadpress,Best3BenchKg,2770
Tempo Press,Best3BenchKg,2771
Tempo Push Up 3-0-1,Best3BenchKg,2772
Tempo Seated Leg Curl 3 IN 2 HOLD 3 OUT,Best3DeadliftKg,2773
Tempo Squat (Barbell),Best3SquatKg,2774
Terminal Knee Extension,Other_Manual_Review,2775
Terminal Knee Extensions,Other_Manual_Review,2776
Terminal Knee Extensions (TKEs) w/ band,Cardio_Core,2777
Thoracic Extension Stretch,Cardio_Core,2778
Thoracic Spine Foam Rolling,Other_Manual_Review,2779
Thread The Needle,Other_Manual_Review,2780
Thruster (Barbell),Best3SquatKg,2781
Thruster (Log Bar),Best3SquatKg,2782
Tib Raise,Best3BenchKg,2783
Tib Raises,Best3BenchKg,2784
Tibia Raise,Best3BenchKg,2785
Tibial Raise,Best3BenchKg,2786
Tibialis,Other_Manual_Review,2787
Tibialis Curl,Best3DeadliftKg,2788
Tibialis Raise,Best3BenchKg,2789
Tibialis Raises,Best3BenchKg,2790
Tire Flip,Other_Manual_Review,2791
Tire Slams,Other_Manual_Review,2792
Titan's Telegraph,Other_Manual_Review,2793
Toe Press,Best3BenchKg,2794
Toe Press Leg Press,Best3SquatKg,2795
Toe Taps,Other_Manual_Review,2796
Toe Touch,Other_Manual_Review,2797
Toe Yoga,Cardio_Core,2798
Top To Bottom Cable Flyes,Best3BenchKg,2799
Torso Rotation (Machine),Best3DeadliftKg,2800
Towel Forearm Hold (Optional),Other_Manual_Review,2801
Towel Hangs,Other_Manual_Review,2802
Trap 3 Raise,Best3BenchKg,2803
Trap Bar Deadlift,Best3DeadliftKg,2804
Trap Bar Deadlift (Paused),Best3DeadliftKg,2805
Trap Bar Farmers Walk,Cardio_Core,2806
Trap Bar Jump,Cardio_Core,2807
Trap Bar Jumps,Cardio_Core,2808
Trap Bar Power Shrug,Best3DeadliftKg,2809
Trap Bar RDL,Best3DeadliftKg,2810
Trap Bar Shrug,Best3DeadliftKg,2811
Trapbar High Pull,Best3DeadliftKg,2812
Treadmill,Cardio_Core,2813
Tree Pose,Other_Manual_Review,2814
Triangle Pose,Other_Manual_Review,2815
Tricep Cable Kickback,Best3BenchKg,2816
Tricep Dip (Bodyweight),Best3BenchKg,2817
Tricep Dips,Best3BenchKg,2818
Tricep Dips Assited,Best3BenchKg,2819
Tricep Extension (Banded),Cardio_Core,2820
Tricep Extension (Barbell),Best3BenchKg,2821
Tricep Extension (Cable),Best3BenchKg,2822
Tricep Extension (Dumbbell),Best3BenchKg,2823
Tricep Extension (Machine),Best3DeadliftKg,2824
Tricep Extension (Resistance Band),Cardio_Core,2825
Tricep Extension Pulldowns Band,Cardio_Core,2826
Tricep Kick Back,Best3BenchKg,2827
Tricep Kickback,Best3BenchKg,2828
Tricep Kickback (Cable),Best3BenchKg,2829
Tricep Kickbacks,Best3BenchKg,2830
Tricep Overhead Extension (Dumbbell),Best3BenchKg,2831
Tricep Pressdown,Best3BenchKg,2832
Tricep Pressdown (Cable),Best3BenchKg,2833
Tricep Pressdown 2 (Cable),Best3BenchKg,2834
Tricep Push Up,Best3BenchKg,2835
Tricep Pushdown,Best3BenchKg,2836
Tricep Pushdown (Cable),Best3BenchKg,2837
Tricep Pushdown (Straight Bar),Best3BenchKg,2838
Tricep Pushdown Rope,Best3BenchKg,2839
Tricep Rope Push Down (Cable),Best3BenchKg,2840
Tricep Tate Press,Best3BenchKg,2841
Tricep-Pressdown,Best3BenchKg,2842
Triceps Diverging Pressdown (Long Rope),Cardio_Core,2843
Triceps Extension (Straight Bar),Best3BenchKg,2844
Triceps Kickback (cable),Best3BenchKg,2845
Triceps Pressdown,Best3BenchKg,2846
Triceps Push-Up,Best3BenchKg,2847
Triceps Rope Above Head,Best3BenchKg,2848
Triceps press,Best3BenchKg,2849
Triple Broad Jump,Cardio_Core,2850
Tube Walk,Cardio_Core,2851
Turkish Get Up,Other_Manual_Review,2852
Turkish Get-Ups,Other_Manual_Review,2853
Turning Kicks ( MMa),Other_Manual_Review,2854
"Twisted ""T"" Planks",Cardio_Core,2855
Twisting Bench Crunches,Cardio_Core,2856
Twists,Other_Manual_Review,2857
Two Phase Pull,Best3DeadliftKg,2858
Type Writer Pull Up,Best3DeadliftKg,2859
Underhand Fly (Cable),Best3BenchKg,2860
Underhand Lat Pulldown,Best3DeadliftKg,2861
Underhand Pull-down biceps,Best3DeadliftKg,2862
Underhand Row,Best3DeadliftKg,2863
Underhand Rows (Machine),Best3DeadliftKg,2864
Underhand Tricep Pulldown (EZ Bar),Best3DeadliftKg,2865
Undershoot,Other_Manual_Review,2866
Unilateral Cable Rear Delt Fly,Best3DeadliftKg,2867
Unilateral Hip Adductor,Best3SquatKg,2868
Unilateral Lat Focused Row,Best3DeadliftKg,2869
Unilateral Leg Extension,Best3SquatKg,2870
Unilateral Low Cable Fly,Best3DeadliftKg,2871
Unilateral Preacher Curl,Best3DeadliftKg,2872
Unilateral Preacher Curl (Dumbbell) Hammer,Best3DeadliftKg,2873
Unilateral Preacher Curl (Dumbbell) Normal,Best3DeadliftKg,2874
Unilateral Preacher Curl Machine,Best3DeadliftKg,2875
Unilateral Smith Machine (close Grip),Best3DeadliftKg,2876
Unilateral Tricep Cable Pushdown(Rope),Best3DeadliftKg,2877
Unilaterel Leg Extension,Best3SquatKg,2878
Up Down Plank,Cardio_Core,2879
Upper Back,Other_Manual_Review,2880
Upper Back Chest Supported Row,Best3DeadliftKg,2881
Upper Back Row,Best3DeadliftKg,2882
Upper Back Rows,Best3DeadliftKg,2883
Upper Pull Accessory 1,Best3DeadliftKg,2884
Upper Pull Accessory 2,Best3DeadliftKg,2885
Upper Push Accessory 1,Best3BenchKg,2886
Upper Push Accessory 2,Best3BenchKg,2887
Upright Row (Barbell),Best3DeadliftKg,2888
Upright Row (Cable),Best3DeadliftKg,2889
Upright Row (Dumbbell),Best3DeadliftKg,2890
V Bar Over Head Extension,Other_Manual_Review,2891
V-Bar Lat Pulldown,Best3DeadliftKg,2892
V-Bar Lat Pulldowns,Best3DeadliftKg,2893
V-Bar Pulldown,Best3DeadliftKg,2894
V-Grip Barbell Row,Best3DeadliftKg,2895
V-Handle Tricep Pushdown (Cable),Best3BenchKg,2896
V-Stance Leg Press,Best3SquatKg,2897
V-Up,Other_Manual_Review,2898
V-squat,Best3SquatKg,2899
VO2 Max Intervals,Other_Manual_Review,2900
Vatsat,Other_Manual_Review,2901
Vertical Crunch,Cardio_Core,2902
Vertical Jump,Cardio_Core,2903
Vertical traction,Other_Manual_Review,2904
Viking Press,Best3BenchKg,2905
WALKOUT SQUAT,Cardio_Core,2906
Waiter Curl,Best3DeadliftKg,2907
Walk,Cardio_Core,2908
Walking Calf Raise,Cardio_Core,2909
Walking Lunge,Cardio_Core,2910
Walking Lunge (Barbell),Cardio_Core,2911
Walking Lunge (Dumbbell),Cardio_Core,2912
Walking Lunge (Weighted),Cardio_Core,2913
Walking Lunges,Cardio_Core,2914
"Walking Lunges (12,10,8,6,4)",Cardio_Core,2915
Walking Lunges w/ Pulse,Cardio_Core,2916
Walkout Plank,Cardio_Core,2917
Wall Angel,Other_Manual_Review,2918
Wall Angels,Other_Manual_Review,2919
Wall Assisted Handstand Pushup,Best3BenchKg,2920
Wall Press Dead Bug,Best3BenchKg,2921
Wall Push Up,Best3BenchKg,2922
Wall Sit,Other_Manual_Review,2923
Wall Sit Hold,Other_Manual_Review,2924
Wall Tib Raise,Best3BenchKg,2925
Wall windmills,Other_Manual_Review,2926
Warmup,Other_Manual_Review,2927
Warrior Post 1,Other_Manual_Review,2928
Warrior Post 2,Other_Manual_Review,2929
Warrior Post 3,Other_Manual_Review,2930
Warrior Pushup,Best3BenchKg,2931
Way Bent Over Row,Best3DeadliftKg,2932
Weight Over Bar,Other_Manual_Review,2933
Weight Over Bar (Highland Games),Other_Manual_Review,2934
Weighted Alternating Lunge Jump,Cardio_Core,2935
Weighted Ankle Stretch (Goblet Hold),Cardio_Core,2936
Weighted Ball Toss,Other_Manual_Review,2937
Weighted Deficit Incline Push Up,Best3BenchKg,2938
Weighted Deficit Push-up,Best3BenchKg,2939
Weighted GHD Machine,Best3DeadliftKg,2940
Weighted Hanging Knee Raise,Best3BenchKg,2941
Weighted Hanging Leg Raise,Best3BenchKg,2942
Weighted Hanging Leg Raises,Best3BenchKg,2943
Weighted Hanging Oblique Knee Raise,Best3BenchKg,2944
Weighted Knee Raises,Best3BenchKg,2945
Weighted Leg Raises,Best3BenchKg,2946
Weighted Neck Flexions,Other_Manual_Review,2947
Weighted Pause Pull Ups,Best3DeadliftKg,2948
Weighted Pogo Jumps,Cardio_Core,2949
Weighted Quarter Squat Jumps,Cardio_Core,2950
Weighted Roman Chair Setup,Other_Manual_Review,2951
Weighted Side Extensions,Other_Manual_Review,2952
Weighted Sit Up,Cardio_Core,2953
Weighted Sit Ups,Cardio_Core,2954
Weighted Walk,Cardio_Core,2955
Weighted Wall Sits,Other_Manual_Review,2956
Weighted Wide Grip Pullups,Best3DeadliftKg,2957
Weighted Wrist extension,Other_Manual_Review,2958
Wide Assisted Push-Ups,Best3BenchKg,2959
Wide Grip Assisted Pull Up,Best3DeadliftKg,2960
Wide Grip Cable Curls,Best3DeadliftKg,2961
Wide Grip Cable Row,Best3DeadliftKg,2962
Wide Grip Chest Press,Best3BenchKg,2963
Wide Grip Chest Supported Row,Best3DeadliftKg,2964
Wide Grip Incline Benchpress,Best3BenchKg,2965
Wide Grip Lat Pulldown,Best3DeadliftKg,2966
Wide Grip Pull-Up,Best3DeadliftKg,2967
Wide Grip Pull-Up (Weighted),Best3DeadliftKg,2968
Wide Grip Pulldown (Plateloaded Machine),Best3DeadliftKg,2969
Wide Grip Rear Pull-Up,Best3DeadliftKg,2970
Wide Grip Seated Row (Cable),Best3DeadliftKg,2971
Wide Grip Tricep Push Down,Best3BenchKg,2972
Wide MAG Pulldowns,Best3DeadliftKg,2973
Wide Neutral Pulldown,Best3DeadliftKg,2974
Wide Neutral Pullups,Best3DeadliftKg,2975
Wide Overhand Pulldown,Best3DeadliftKg,2976
Wide Row,Best3DeadliftKg,2977
Wide Squat,Best3SquatKg,2978
Wide Stance Rdl,Best3DeadliftKg,2979
Wide Stance Sumo Squats,Best3SquatKg,2980
Wide-Grip Pull-Up (Weighted),Best3DeadliftKg,2981
Williams Extensions,Other_Manual_Review,2982
Windmill,Other_Manual_Review,2983
Windshield Wipers,Other_Manual_Review,2984
Wirst Forearm Curl,Best3DeadliftKg,2985
Wood Chop,Other_Manual_Review,2986
Wood Chop (High To Low),Other_Manual_Review,2987
Wood Chop (Resistance Band),Cardio_Core,2988
Wood Chopper,Other_Manual_Review,2989
Workout,Other_Manual_Review,2990
World's Greatest Stretch,Cardio_Core,2991
Wrist Cable Supination,Other_Manual_Review,2992
Wrist Curl (Cable),Best3DeadliftKg,2993
Wrist Curl Cable,Best3DeadliftKg,2994
Wrist Curls,Best3DeadliftKg,2995
Wrist Curls (Cable),Best3DeadliftKg,2996
Wrist Curls (Dumbbell),Best3DeadliftKg,2997
Wrist Extension,Other_Manual_Review,2998
Wrist Figure 8s w/ Light Plate,Best3DeadliftKg,2999
Wrist Pronation,Other_Manual_Review,3000
Wrist Radial Deviation,Other_Manual_Review,3001
Wrist Roller,Other_Manual_Review,3002
Wrist Rotations,Other_Manual_Review,3003
Wrist Stretch on Floor,Cardio_Core,3004
Wrist Supination,Other_Manual_Review,3005
Wrist Ulnar Deviation,Other_Manual_Review,3006
Wrist Weights,Other_Manual_Review,3007
Y Raise,Best3BenchKg,3008
Y Raise (Dumbbell),Best3BenchKg,3009
Y T W's (Incline Bench),Best3BenchKg,3010
YTI,Other_Manual_Review,3011
Yates Row,Best3DeadliftKg,3012
Yoga,Cardio_Core,3013
Yoga (Stretching Routine),Cardio_Core,3014
Yoga Bridge,Cardio_Core,3015
Yoke,Other_Manual_Review,3016
Yoke Carry,Other_Manual_Review,3017
Yoke Walk,Cardio_Core,3018
Z Press,Best3BenchKg,3019
Z Press (Barbell),Best3BenchKg,3020
Z-Press,Best3BenchKg,3021
Z-Press (Dumbbell),Best3BenchKg,3022
Z-Sit Shoulder Press,Best3BenchKg,3023
Zercher Deadlift,Best3DeadliftKg,3024
Zercher Front-Foot Elevated Split Squat,Best3SquatKg,3025
Zercher Good Morning,Best3DeadliftKg,3026
Zercher Lunges,Best3SquatKg,3027
Zercher Pin Squats,Best3SquatKg,3028
Zercher RDL,Best3DeadliftKg,3029
Zercher Reverse Lunge,Best3SquatKg,3030
Zercher Squat (Barbell),Best3SquatKg,3031
Zercher Walks,Cardio_Core,3032
Zottman Curl,Best3DeadliftKg,3033
Zottman Curl In Deep Lunge,Best3SquatKg,3034
Zottman Curls,Best3DeadliftKg,3035
ab wheel weighted,Other_Manual_Review,3036
abductor chair,Other_Manual_Review,3037
around the world,Other_Manual_Review,3038
bent press,Best3BenchKg,3039
cable press around,Best3BenchKg,3040
chest expander pull apart,Best3DeadliftKg,3041
circus press,Best3BenchKg,3042
crow pose,Best3DeadliftKg,3043
dead hang time,Other_Manual_Review,3044
fire hydrant,Other_Manual_Review,3045
hip adduction (Cable),Best3SquatKg,3046
inner thigh,Other_Manual_Review,3047
kettlebell biceps,Best3DeadliftKg,3048
machine preacher curl,Best3DeadliftKg,3049
neck work,Other_Manual_Review,3050
oblique,Other_Manual_Review,3051
rice bucket,Other_Manual_Review,3052
shrug,Best3DeadliftKg,3053
standing overhead press,Best3BenchKg,3054
stones over podium,Other_Manual_Review,3055
tire with hammer,Other_Manual_Review,3056
zercher deadlift,Best3DeadliftKg,3057
[PAD],Other_Manual_Review,0
[MASK],Other_Manual_Review,1
[UNK],Other_Manual_Review,2
