candidate_id,exercise_name,equipment_golden
1020,Garhammer Raise,Bodyweight
2791,Tire Flip,Other
2433,Single Arm Shoulder Press,Dumbbell
1577,Lying Bicep Curl,REVIEW_NEEDED
873,Eccentric Calf Raises,REVIEW_NEEDED
1229,Inchworm,REVIEW_NEEDED
1762,Overcoming ISO Split Squats,REVIEW_NEEDED
1099,Hammer Strength Iso-Lateral Low Row,REVIEW_NEEDED
2056,Rest Pause - Rear Delts (Placeholder),REVIEW_NEEDED
2357,Shoulder YTWL,REVIEW_NEEDED
18,(CARDIO) Row ERG,REVIEW_NEEDED
244,Banded Fire Hydrants,REVIEW_NEEDED
302,Behind Curls,REVIEW_NEEDED
2315,"Seated Shoulder Press (12,10,8,6,4)",REVIEW_NEEDED
2286,Seated Hamstring Curl,REVIEW_NEEDED
1218,Horizontal Chest Press,REVIEW_NEEDED
243,Banded External Rotations,REVIEW_NEEDED
745,Decline Hammer Strength Press,REVIEW_NEEDED
762,Deficit Exploding Pushup,REVIEW_NEEDED
541,Cardio,REVIEW_NEEDED
1129,Hatfield Squat,REVIEW_NEEDED
546,Carry & Drag Medley,REVIEW_NEEDED
418,Bottom-Half DB Flye,REVIEW_NEEDED
136,Active Pigeon Stretch (Lift Offs),REVIEW_NEEDED
2692,Straight Arm Pull Downs,REVIEW_NEEDED
1352,Kelso Shrug,REVIEW_NEEDED
1200,Hip Mobilization,REVIEW_NEEDED
895,Etupunnerrus,REVIEW_NEEDED
1191,Hip Explosion From Ground,REVIEW_NEEDED
1193,Hip Extension Quad,REVIEW_NEEDED
2529,Skull Crusher(Ez Bar)(Bar To Chin),REVIEW_NEEDED
3033,Zottman Curl,REVIEW_NEEDED
3019,Z Press,REVIEW_NEEDED
1582,Lying Chest Press,REVIEW_NEEDED
685,Crusher Curl,REVIEW_NEEDED
1678,Mobility,REVIEW_NEEDED
552,Cat-Cow Stretch,REVIEW_NEEDED
2587,Sots Press,REVIEW_NEEDED
1655,Med Ball Side Toss,REVIEW_NEEDED
1561,Lower Body Accessory 2,REVIEW_NEEDED
1189,Hip CARs Controlled Rotations,REVIEW_NEEDED
2794,Toe Press,REVIEW_NEEDED
1771,Overhead Lu Raise,REVIEW_NEEDED
2190,Rotator Cuff Eccentrics,REVIEW_NEEDED
2055,Rest Pause - Quad Isolation (Placeholder),REVIEW_NEEDED
1408,Ladder Drills,REVIEW_NEEDED
2702,Straight Leg Calf Raise 2,REVIEW_NEEDED
2926,Wall windmills,REVIEW_NEEDED
17,(CARDIO) Bike ERG,REVIEW_NEEDED
1141,Heel Tap,REVIEW_NEEDED
2524,Skull Crusher (EZ Bar),REVIEW_NEEDED
443,Bulgarien Split Squats,REVIEW_NEEDED
449,Bus Driver,REVIEW_NEEDED
1737,One Arm Australian (Rings),REVIEW_NEEDED
412,Bosu Glute Bridge,REVIEW_NEEDED
2132,Ring Curl,REVIEW_NEEDED
23,(CHEST) Iso Incline Chest Press,REVIEW_NEEDED
323,Bench Jack Knife,REVIEW_NEEDED
1576,Lying Behind The Back Neck Plate Elevation,REVIEW_NEEDED
1814,Pause Squat,REVIEW_NEEDED
185,B-Skips,REVIEW_NEEDED
889,Elevated Squats,REVIEW_NEEDED
744,Decline Hammer Strength,REVIEW_NEEDED
810,Dual Rope Extension,REVIEW_NEEDED
3042,circus press,REVIEW_NEEDED
898,Exercise Club Movements,REVIEW_NEEDED
1136,Heavy Weight For Distance,REVIEW_NEEDED
98,90/90 Hip Transition,REVIEW_NEEDED
2715,Stretching,REVIEW_NEEDED
2631,Stair Climber,REVIEW_NEEDED
544,Cardio 30-45min,REVIEW_NEEDED
1648,Med Ball Backward Toss,REVIEW_NEEDED
1060,Ground Mobility,REVIEW_NEEDED
2728,Sumo Squat,REVIEW_NEEDED
300,Bear Position Pull Through,REVIEW_NEEDED
868,Développer Horizontale,REVIEW_NEEDED
994,Front Lever,REVIEW_NEEDED
1639,Marching Glute Bridge,REVIEW_NEEDED
2784,Tib Raises,REVIEW_NEEDED
1661,Medicine Ball Floor Throw And Hip Toss,REVIEW_NEEDED
50,1-1/4 Squat,REVIEW_NEEDED
1811,Partner Agility Drill,REVIEW_NEEDED
291,Battle Ropes,REVIEW_NEEDED
1560,Lower Body Accessory 1,REVIEW_NEEDED
2033,Rear Delt Row,REVIEW_NEEDED
2788,Tibialis Curl,REVIEW_NEEDED
2624,Squat Walkout,REVIEW_NEEDED
3018,Yoke Walk,REVIEW_NEEDED
382,Bike,REVIEW_NEEDED
2842,Tricep-Pressdown,REVIEW_NEEDED
1105,Hamstring Stretch with Rotation,REVIEW_NEEDED
91,60m Sprint,REVIEW_NEEDED
978,Frame Hold,REVIEW_NEEDED
34,(LEGS) Pendulum Squat,REVIEW_NEEDED
1719,Nordic Curls (Freak Athlete),REVIEW_NEEDED
1525,Light Stretching,REVIEW_NEEDED
2248,Scott Curl,REVIEW_NEEDED
224,Band Shoulder Rotations,REVIEW_NEEDED
859,Dynamic Med Ball Rotational Toss,REVIEW_NEEDED
1729,Oblique Twists,REVIEW_NEEDED
2906,WALKOUT SQUAT,REVIEW_NEEDED
2752,TNF Row (upper Back),REVIEW_NEEDED
1334,Jesus Curl,REVIEW_NEEDED
891,Elevated skier Squat,REVIEW_NEEDED
94,90-90s,REVIEW_NEEDED
551,Cat Cow and T-Spine Rotation,REVIEW_NEEDED
1937,Pronation,REVIEW_NEEDED
1485,Lateral band walk,REVIEW_NEEDED
1316,Iso Low Row,REVIEW_NEEDED
2719,Suitcase Carry March,REVIEW_NEEDED
1293,Incline Rear Shrug,REVIEW_NEEDED
1379,Knee Hug - In Place (reps per leg),REVIEW_NEEDED
2798,Toe Yoga,REVIEW_NEEDED
933,Flat Chest Press,REVIEW_NEEDED
2031,Rear Delt Fly Unilateral,REVIEW_NEEDED
2477,Single Leg Seated Calf Raise,REVIEW_NEEDED
1284,Incline Lat Raise,REVIEW_NEEDED
2851,Tube Walk,REVIEW_NEEDED
1607,MCGILL BIG 3,REVIEW_NEEDED
582,Chest Supported Low Row,REVIEW_NEEDED
168,Arm Circle,REVIEW_NEEDED
3003,Wrist Rotations,REVIEW_NEEDED
1657,Med Ball Soccer Toss,REVIEW_NEEDED
1125,Hanging Oblique Knee Raise,REVIEW_NEEDED
969,Forearm Internal Rotation,REVIEW_NEEDED
1942,Prone Y Raise,REVIEW_NEEDED
141,Agility Ladder,REVIEW_NEEDED
109,AD Press,REVIEW_NEEDED
2526,Skull Crusher (EZ-Bar),REVIEW_NEEDED
230,Banded Ankle Mobilizations,REVIEW_NEEDED
1095,Hammer Squat Lung Calf Raises,REVIEW_NEEDED
2066,Reverse Bicep Curl (EZ Bar),REVIEW_NEEDED
146,Alternating Bounds,REVIEW_NEEDED
347,Bent Over Calf Raises,REVIEW_NEEDED
1182,Hip Adduction,REVIEW_NEEDED
702,Cycling Intervals,REVIEW_NEEDED
1757,One Legged Bounds,REVIEW_NEEDED
392,Bird-dog,REVIEW_NEEDED
1650,Med Ball Chest Pass,REVIEW_NEEDED
1600,Lying Toes To Bar,REVIEW_NEEDED
1587,Lying Incline Curl,REVIEW_NEEDED
1700,Neck Extension (Banded Or Plate),REVIEW_NEEDED
2249,Seal Row,REVIEW_NEEDED
253,Banded Pull Apart,REVIEW_NEEDED
454,Butterfly Maschine,REVIEW_NEEDED
2588,Special Finisher,REVIEW_NEEDED
1912,Preacher Curl,REVIEW_NEEDED
1770,Overhead Extension - Partial,REVIEW_NEEDED
417,Bottom-2/3 Constant Tension Preacher Curl,REVIEW_NEEDED
1774,Overhead Pin Press,REVIEW_NEEDED
1751,One Arm Row (Dumbell),REVIEW_NEEDED
808,Dual Handle Elbows Out Row,REVIEW_NEEDED
1702,Neck Harness,REVIEW_NEEDED
2439,Single Hand Kickback,REVIEW_NEEDED
1522,Light Hammer,REVIEW_NEEDED
2884,Upper Pull Accessory 1,REVIEW_NEEDED
2618,Squat Heel Elavates,REVIEW_NEEDED
299,Bear Hug,REVIEW_NEEDED
608,Chin-Up (Weighted),REVIEW_NEEDED
2378,Side Lunge,REVIEW_NEEDED
1685,Moving Event,REVIEW_NEEDED
1653,Med Ball Shot Toss,REVIEW_NEEDED
187,BFR Bicep Curl,REVIEW_NEEDED
2988,Wood Chop (Resistance Band),REVIEW_NEEDED
656,Core,REVIEW_NEEDED
1758,Open Stone,REVIEW_NEEDED
662,Cossack Squats (Weighted),REVIEW_NEEDED
2500,Single-arm Sideways Sit Reverse Pec-Dec,REVIEW_NEEDED
1391,Kneeling Lunge Stretch,REVIEW_NEEDED
2109,Reverse Lunges,REVIEW_NEEDED
2282,Seated Front Raise,REVIEW_NEEDED
2932,Way Bent Over Row,REVIEW_NEEDED
2955,Weighted Walk,REVIEW_NEEDED
1760,Optional Lower Body Accessory 1,REVIEW_NEEDED
119,Ab Rollout,REVIEW_NEEDED
1326,Jacknifes,REVIEW_NEEDED
2083,Reverse Grip Bench,REVIEW_NEEDED
571,Chest Pull Over,REVIEW_NEEDED
1483,Lateral Squat - Low Alternating (reps per leg),REVIEW_NEEDED
2801,Towel Forearm Hold (Optional),REVIEW_NEEDED
2255,Seated Bicep Curl,REVIEW_NEEDED
3013,Yoga,REVIEW_NEEDED
1393,Kneeling Med Ball Rotational Toss,REVIEW_NEEDED
943,Flex - Horizontal Push (Placeholder),REVIEW_NEEDED
1805,Partial Chin-Up,REVIEW_NEEDED
2869,Unilateral Lat Focused Row,REVIEW_NEEDED
1743,One Arm Overhead Carry with March,REVIEW_NEEDED
125,Abdominal Exercise 1,REVIEW_NEEDED
1997,RP DB Drag Curl,REVIEW_NEEDED
1221,Hyperextension (Glute Focus),REVIEW_NEEDED
602,Child'S Pose,REVIEW_NEEDED
342,Bench T-Spine Stretch,REVIEW_NEEDED
2473,Single Leg RDL,REVIEW_NEEDED
2532,Slant Board Calf Stretch,REVIEW_NEEDED
1456,Lateral Line Hops,REVIEW_NEEDED
2266,Seated DB Shoulder Press,REVIEW_NEEDED
2866,Undershoot,REVIEW_NEEDED
1194,Hip Flexor,REVIEW_NEEDED
2156,Ring Triceps Extensions,REVIEW_NEEDED
2616,Squat (Paused),REVIEW_NEEDED
907,Ez-Bar Skull Crusher,REVIEW_NEEDED
2138,Ring Inverted Row,REVIEW_NEEDED
2669,Static Hold,REVIEW_NEEDED
1286,Incline Neutral Press DB,REVIEW_NEEDED
2504,Sissy Squat Weighted,REVIEW_NEEDED
1551,Low Row,REVIEW_NEEDED
1932,Press/Push/Jerk Complex,REVIEW_NEEDED
2232,Sandbag Squat,REVIEW_NEEDED
2647,Standing Hip Flexor March,REVIEW_NEEDED
1658,Med ball slam and lateral throw,REVIEW_NEEDED
1198,Hip Flexor Stretch,REVIEW_NEEDED
314,Behind-The-Back Shrug,REVIEW_NEEDED
1567,Lu raises,REVIEW_NEEDED
2188,Rotator Cuff,REVIEW_NEEDED
1707,Neck Work,REVIEW_NEEDED
1307,Internal/External Shoulder Rotation (Lying),REVIEW_NEEDED
670,Cross Body Lateral,REVIEW_NEEDED
1838,Pike Pushup,REVIEW_NEEDED
2101,Reverse Hamstring Curls,REVIEW_NEEDED
192,Backsquat,REVIEW_NEEDED
1887,Platz Squat,REVIEW_NEEDED
2014,RP SportsArt Triceps Extension,REVIEW_NEEDED
2533,Slant Board Situp,REVIEW_NEEDED
699,Customisable Row,REVIEW_NEEDED
2183,Rope/ Towel Ups,REVIEW_NEEDED
1330,Janicki Fly,REVIEW_NEEDED
2191,Rotator Cuff Pull Overs,REVIEW_NEEDED
80,45 Degree Extension,REVIEW_NEEDED
628,Close Grip Chest Press,REVIEW_NEEDED
441,Bulgarian split squat,REVIEW_NEEDED
2698,Straight Bar Lat Extension,REVIEW_NEEDED
2512,Six Ways,REVIEW_NEEDED
369,Bicep Curl Of Choice (Swap This Out For A Listed Exercise),REVIEW_NEEDED
2229,Sandbag Shoulder,REVIEW_NEEDED
896,Eugene Curls,REVIEW_NEEDED
1727,Oblique Roman Chair With Weight,REVIEW_NEEDED
1179,Hip Abduction,REVIEW_NEEDED
1543,Loop band row,REVIEW_NEEDED
2980,Wide Stance Sumo Squats,REVIEW_NEEDED
857,Dumbell Wide curl,REVIEW_NEEDED
752,Decline Skull Crushers,REVIEW_NEEDED
1668,Menno Curls,REVIEW_NEEDED
1094,Hammer Single Arm Preacher Bench,REVIEW_NEEDED
2716,Strict Curl,REVIEW_NEEDED
1202,Hip Thrust,REVIEW_NEEDED
870,EZ Bar Skullcrushers,REVIEW_NEEDED
1881,Plate Pinch,REVIEW_NEEDED
3043,crow pose,REVIEW_NEEDED
1195,Hip Flexor Bounce,REVIEW_NEEDED
248,Banded Hip Distraction,REVIEW_NEEDED
2130,Ring Ab Rollout,REVIEW_NEEDED
2340,Shadow Kick Boxing,REVIEW_NEEDED
2763,Tate Press,REVIEW_NEEDED
1738,One Arm Bent Over Row,REVIEW_NEEDED
2370,Shuttle Run,REVIEW_NEEDED
3001,Wrist Radial Deviation,REVIEW_NEEDED
1800,Pallof Press Holds,REVIEW_NEEDED
114,ATG Split Squat,REVIEW_NEEDED
778,Diamond Pushups,REVIEW_NEEDED
2379,Side Lying Clam (Plate),REVIEW_NEEDED
393,Birddogs,REVIEW_NEEDED
375,Bicep Stretch,REVIEW_NEEDED
1204,Hip Thrust (Band),REVIEW_NEEDED
2496,Single-Leg Squats,REVIEW_NEEDED
1426,Lat Pullaround,REVIEW_NEEDED
215,Band Lateral Walk,REVIEW_NEEDED
849,Dumbell Incline Shrugs,REVIEW_NEEDED
1647,Meadows Row,REVIEW_NEEDED
2777,Terminal Knee Extensions (TKEs) w/ band,REVIEW_NEEDED
2117,Reverse Row,REVIEW_NEEDED
2330,Seated alternating Dumbell Bicep Curl,REVIEW_NEEDED
575,Chest Supported Curl,REVIEW_NEEDED
1672,Middle Back Rows,REVIEW_NEEDED
1290,Incline Rear Delt Flye,REVIEW_NEEDED
3036,ab wheel weighted,REVIEW_NEEDED
55,10km Row,REVIEW_NEEDED
1001,Front Raise (Arm Behind You),REVIEW_NEEDED
121,Ab Train To Failure,REVIEW_NEEDED
128,Abs,REVIEW_NEEDED
1146,Heels Elevated Squat,REVIEW_NEEDED
2356,Shoulder Rotation,REVIEW_NEEDED
3000,Wrist Pronation,REVIEW_NEEDED
2841,Tricep Tate Press,REVIEW_NEEDED
2076,Reverse Dumbell Fly,REVIEW_NEEDED
865,Dynamic Warm Up,REVIEW_NEEDED
1350,Keenan Flap,REVIEW_NEEDED
2446,Single Leg Broad To 90,REVIEW_NEEDED
1382,Knee Raise (Weighted),REVIEW_NEEDED
2082,Reverse Forearm Curls,REVIEW_NEEDED
1459,Lateral Med Ball Slam,REVIEW_NEEDED
890,Elevated Wrist Stretch Holds,REVIEW_NEEDED
3055,stones over podium,REVIEW_NEEDED
2219,Sandbag Carry,REVIEW_NEEDED
695,Curtsy Lunge,REVIEW_NEEDED
2918,Wall Angel,REVIEW_NEEDED
912,Face Pull (No Hands),REVIEW_NEEDED
635,Close Grip Palm Out Bicep Pull Down,REVIEW_NEEDED
1315,Iso Hold Band Curl,REVIEW_NEEDED
1354,Kelso Shrug/Incline Row,REVIEW_NEEDED
2332,Secondary Hold,REVIEW_NEEDED
799,Double-Leg Stretch,REVIEW_NEEDED
2276,Seated Face Pull,REVIEW_NEEDED
1376,Kipping,REVIEW_NEEDED
169,Arm Hauler,REVIEW_NEEDED
2853,Turkish Get-Ups,REVIEW_NEEDED
2234,Sandbag To Shoulder,REVIEW_NEEDED
2074,Reverse Curls,REVIEW_NEEDED
2139,Ring Knee Tucks,REVIEW_NEEDED
1784,Overhead Rope Extension,REVIEW_NEEDED
1526,Light Weight For Distance,REVIEW_NEEDED
1345,KB Around The World,REVIEW_NEEDED
1400,Kneeling Windmill Press,REVIEW_NEEDED
223,Band Scarecrows,REVIEW_NEEDED
589,Chest Supported Row (12-15),REVIEW_NEEDED
2216,Sandbag Bear Hug Lunge,REVIEW_NEEDED
1641,Martial Arts,REVIEW_NEEDED
170,Arm-Out SingleArm DB Row,REVIEW_NEEDED
944,Flex - Single Leg Compound (Placeholder),REVIEW_NEEDED
1295,Incline Row DB,REVIEW_NEEDED
1222,Hyperextension (Weighted),REVIEW_NEEDED
804,Dragon Fly,REVIEW_NEEDED
2832,Tricep Pressdown,REVIEW_NEEDED
1720,OHP Pin Press,REVIEW_NEEDED
3007,Wrist Weights,REVIEW_NEEDED
47,1 Arm Lat Pullin,REVIEW_NEEDED
1140,Heel Slides,REVIEW_NEEDED
2619,Squat Pin Presses,REVIEW_NEEDED
2247,Scissors For Abs,REVIEW_NEEDED
2520,Skull Crusher,REVIEW_NEEDED
2193,Row,REVIEW_NEEDED
2202,Running In Place Toe Tap Air Touch,REVIEW_NEEDED
1131,Heavy Bag / Shadow Boxing,REVIEW_NEEDED
88,6 Ways,REVIEW_NEEDED
1216,Hollow Hold,REVIEW_NEEDED
1149,Hex Press,REVIEW_NEEDED
2785,Tibia Raise,REVIEW_NEEDED
2844,Triceps Extension (Straight Bar),REVIEW_NEEDED
152,Alternating Lateral Ball Slams,REVIEW_NEEDED
428,Bradford Press,REVIEW_NEEDED
2395,Single Arm Bicep Curl,REVIEW_NEEDED
964,Forearm Curl Straight Bar,REVIEW_NEEDED
2401,Single Arm Farmer Carry,REVIEW_NEEDED
1481,Lateral Shuffle With Ball Toss,REVIEW_NEEDED
1677,Mini Band - Walking,REVIEW_NEEDED
2121,Reverse Wrist Curl,REVIEW_NEEDED
2857,Twists,REVIEW_NEEDED
2217,Sandbag Bent-Over Row,REVIEW_NEEDED
2149,Ring Rack Chins,REVIEW_NEEDED
2792,Tire Slams,REVIEW_NEEDED
1186,Hip Airplanes,REVIEW_NEEDED
693,Curtesy Step Up,REVIEW_NEEDED
1732,Offset Carry,REVIEW_NEEDED
2314,Seated Shoulder Press,REVIEW_NEEDED
970,Forearm Raise,REVIEW_NEEDED
566,Chest Press (Resistance Band),REVIEW_NEEDED
966,Forearm Finger Curl Pronated (Optional),REVIEW_NEEDED
1520,Lift From The Lap To Chest Height (Vertical Method 1),REVIEW_NEEDED
963,Forearm Curl,REVIEW_NEEDED
714,Dead Hang For Time,REVIEW_NEEDED
416,Bottom Half Standing Calf Raise,REVIEW_NEEDED
1693,Nautilus Single Arm Curl,REVIEW_NEEDED
548,Cartwheel,REVIEW_NEEDED
737,Decline Chest Press,REVIEW_NEEDED
2718,Suitcase Carry,REVIEW_NEEDED
631,Close Grip Elevated Pushups,REVIEW_NEEDED
3014,Yoga (Stretching Routine),REVIEW_NEEDED
1773,Overhead PVC Pass-Throughs,REVIEW_NEEDED
1523,Light Jog,REVIEW_NEEDED
435,"Bulgarian Split Squat (12,10,8,6,4/Per Leg)",REVIEW_NEEDED
2436,Single Arm Tricep Press down,REVIEW_NEEDED
59,1km Run (4/3),REVIEW_NEEDED
1882,Plate Raise,REVIEW_NEEDED
2963,Wide Grip Chest Press,REVIEW_NEEDED
570,Chest Press-Around,REVIEW_NEEDED
1529,Linear Accelerations - 30 Yards Moderate/ 10 Yards Max,REVIEW_NEEDED
1746,One Arm Press,REVIEW_NEEDED
2009,RP Nautilus Chain Fed Decline Press,REVIEW_NEEDED
1159,High Incline DB Press,REVIEW_NEEDED
914,Face Pull (Rotator Cuff),REVIEW_NEEDED
289,Barefoot Mobility,REVIEW_NEEDED
757,Deep Split Squats (Weighted),REVIEW_NEEDED
414,Bosu Squat,REVIEW_NEEDED
885,Elevated Pigeon Stretch,REVIEW_NEEDED
1477,Lateral Short Shuffle,REVIEW_NEEDED
2972,Wide Grip Tricep Push Down,REVIEW_NEEDED
1642,Massive Curls,REVIEW_NEEDED
802,Drag Curls,REVIEW_NEEDED
2235,Sandbag carry,REVIEW_NEEDED
2375,Side Extension,REVIEW_NEEDED
2704,Straight Leg Shuffle 20 Yrds,REVIEW_NEEDED
221,Band Resisted Steal Starts,REVIEW_NEEDED
2390,Side-Lying Hip Abduction,REVIEW_NEEDED
1662,Medicine Ball Hook,REVIEW_NEEDED
550,Cat Cow Stretch,REVIEW_NEEDED
692,Curl-Up,REVIEW_NEEDED
2215,Sandbag Bear Hug Carry (3 Sets),REVIEW_NEEDED
453,Butterfly DB,REVIEW_NEEDED
3015,Yoga Bridge,REVIEW_NEEDED
1351,Keenan Pullover Sagital,REVIEW_NEEDED
3016,Yoke,REVIEW_NEEDED
542,Cardio (LISS),REVIEW_NEEDED
663,Couch Stretch,REVIEW_NEEDED
2244,SchräGbankdrüCken,REVIEW_NEEDED
603,Child'S Pose Strech,REVIEW_NEEDED
742,Decline Dumbell Scullcrusher,REVIEW_NEEDED
772,Deficit Row,REVIEW_NEEDED
1652,Med Ball Rotational Toss,REVIEW_NEEDED
1017,GH Situp,REVIEW_NEEDED
2048,Rest 2 To 3 Minutes,REVIEW_NEEDED
960,Foam Rolling,REVIEW_NEEDED
2342,Shiko,REVIEW_NEEDED
1217,Hollow Rock,REVIEW_NEEDED
1692,Nautilus Inspriation Row (Wide-Grip),REVIEW_NEEDED
2195,Row Between Chairs,REVIEW_NEEDED
1291,Incline Rear Delt Raises,REVIEW_NEEDED
2594,Speed Squat,REVIEW_NEEDED
2051,Rest Pause - Chest Isolation (Placeholder),REVIEW_NEEDED
647,Competition Squat,REVIEW_NEEDED
2900,VO2 Max Intervals,REVIEW_NEEDED
1919,Preacher Curl (Plate Loaded),REVIEW_NEEDED
442,Bulgarien Split Sqauts,REVIEW_NEEDED
1521,Light Cardio,REVIEW_NEEDED
2525,Skull Crusher (EZ bar),REVIEW_NEEDED
1586,Lying Hamstring Curl,REVIEW_NEEDED
2277,Seated Flexion Row,REVIEW_NEEDED
1019,GHR’s,REVIEW_NEEDED
2376,Side Knees To Elbows,REVIEW_NEEDED
913,Face Pull (Paused),REVIEW_NEEDED
293,Batwing Row,REVIEW_NEEDED
1605,M Drill,REVIEW_NEEDED
1614,Mace Ball Uppercut,REVIEW_NEEDED
2458,Single Leg Glute Bridge,REVIEW_NEEDED
1733,Omni Press,REVIEW_NEEDED
1670,Mercy 30 Curls,REVIEW_NEEDED
2162,Rollouts,REVIEW_NEEDED
1163,High Knee Butt Kick Run 15 Yards,REVIEW_NEEDED
2597,Spider Front Raises,REVIEW_NEEDED
2814,Tree Pose,REVIEW_NEEDED
1318,Iso-lateral Low Row,REVIEW_NEEDED
1491,Leaning Overhead Extension,REVIEW_NEEDED
981,French Press,REVIEW_NEEDED
1304,Incline dumbell row,REVIEW_NEEDED
1274,Incline Dumbell Press,REVIEW_NEEDED
1925,Preacher Death Curls,REVIEW_NEEDED
1659,Medicine Ball Chest Pass,REVIEW_NEEDED
1998,RP Flat Hammer Chest Press,REVIEW_NEEDED
790,Donkey Kick (Strap Band),REVIEW_NEEDED
2329,Seated Wrist Curls (12-15),REVIEW_NEEDED
79,45 Degree Back Raise,REVIEW_NEEDED
2040,Reserve Fly,REVIEW_NEEDED
2783,Tib Raise,REVIEW_NEEDED
2150,Ring Rear Delt Flies,REVIEW_NEEDED
2335,Select Your Pressdown (Swap This Out For A Listed Exercise),REVIEW_NEEDED
1644,Max - Squat/Hinge (Placeholder),REVIEW_NEEDED
562,Chest Press,REVIEW_NEEDED
1835,Pigeon Stretch with Thoracic Rotation,REVIEW_NEEDED
2089,Reverse Grip Decline Pushup,REVIEW_NEEDED
1059,Grip Hold,REVIEW_NEEDED
172,Arms Behind Back Shoulder Stretch,REVIEW_NEEDED
2325,Seated Triceps Press,REVIEW_NEEDED
364,Bicep Curl (EZ Bar),REVIEW_NEEDED
580,Chest Supported Incline Shrug,REVIEW_NEEDED
1030,Glute Bridge Hold,REVIEW_NEEDED
2242,Scapular Wall Slides,REVIEW_NEEDED
892,Elliptical,REVIEW_NEEDED
2789,Tibialis Raise,REVIEW_NEEDED
1144,Heel-to-Toe Walk,REVIEW_NEEDED
1701,Neck Flexion,REVIEW_NEEDED
2223,Sandbag Getup To Shoulder Carry,REVIEW_NEEDED
708,DB Wrist Extensions,REVIEW_NEEDED
2854,Turning Kicks ( MMa),REVIEW_NEEDED
2320,Seated Straight Row - Hammer Strength,REVIEW_NEEDED
1718,Nordic Curl,REVIEW_NEEDED
115,Ab Coaster,REVIEW_NEEDED
1832,Peterson Step-Ups,REVIEW_NEEDED
1766,Overhead Chest Press,REVIEW_NEEDED
2057,Rest Pause - Triceps Isolation (Placeholder),REVIEW_NEEDED
1826,Pelican Curl,REVIEW_NEEDED
1983,Pushup With Rotation,REVIEW_NEEDED
1944,Prowler Push,REVIEW_NEEDED
2712,Strength - Quad Compound (Placeholder),REVIEW_NEEDED
2812,Trapbar High Pull,REVIEW_NEEDED
2964,Wide Grip Chest Supported Row,REVIEW_NEEDED
2380,Side Lying Hip Abduction,REVIEW_NEEDED
1465,"Lateral Pull Down, Mid Twisted Grip",REVIEW_NEEDED
919,Fartlek Workout,REVIEW_NEEDED
1756,One Leg Jack Knife,REVIEW_NEEDED
2664,Standing Single Leg Calf Raise,REVIEW_NEEDED
359,"Bicep Curl (12,10,8,6,4)",REVIEW_NEEDED
2747,T Bar Rows,REVIEW_NEEDED
1730,Oblique twist,REVIEW_NEEDED
2743,Swan Dive,REVIEW_NEEDED
193,Backward Run,REVIEW_NEEDED
965,Forearm External  Rotation,REVIEW_NEEDED
2411,Single Arm Lat Pullover,REVIEW_NEEDED
918,Farmer’s Walk For Time,REVIEW_NEEDED
1395,Kneeling Med Ball Single Arm Pass,REVIEW_NEEDED
188,Back Extension,REVIEW_NEEDED
657,Core Sliders,REVIEW_NEEDED
597,Chest Supported T Bar Row,REVIEW_NEEDED
2919,Wall Angels,REVIEW_NEEDED
1694,Neck Circles,REVIEW_NEEDED
3010,Y T W's (Incline Bench),REVIEW_NEEDED
2656,Standing Pec Fly,REVIEW_NEEDED
1038,Glute Hyperextension,REVIEW_NEEDED
2905,Viking Press,REVIEW_NEEDED
78,40m-200m,REVIEW_NEEDED
877,Elastic Exercise Glutheus Min/Med.,REVIEW_NEEDED
2779,Thoracic Spine Foam Rolling,REVIEW_NEEDED
73,30m Sprint,REVIEW_NEEDED
2633,Stair Stepper,REVIEW_NEEDED
2627,Squats (Pin),REVIEW_NEEDED
1225,ISO Low Row,REVIEW_NEEDED
2910,Walking Lunge,REVIEW_NEEDED
1016,Full-Body Mobility Routine 8 (Follow Along),REVIEW_NEEDED
1715,Neutral Grip Row,REVIEW_NEEDED
2192,Round Off,REVIEW_NEEDED
3006,Wrist Ulnar Deviation,REVIEW_NEEDED
2213,Sandbag  Press,REVIEW_NEEDED
2327,Seated Twists,REVIEW_NEEDED
1121,Hanging Knee Raises,REVIEW_NEEDED
176,Around The World,REVIEW_NEEDED
1904,Power Jerk,REVIEW_NEEDED
1705,Neck Side Curl,REVIEW_NEEDED
614,Clap Pushups,REVIEW_NEEDED
853,"Dumbell Row (12,10,8,6,4/Per Arm)",REVIEW_NEEDED
2257,Seated Bike,REVIEW_NEEDED
2990,Workout,REVIEW_NEEDED
1608,MEOW MEOW,REVIEW_NEEDED
163,Any Press,REVIEW_NEEDED
1011,Full-Body Mobility Routine (Follow Along),REVIEW_NEEDED
2110,Reverse Medicine Ball Throw,REVIEW_NEEDED
1109,Hand Release Push,REVIEW_NEEDED
2072,Reverse Curl,REVIEW_NEEDED
2016,Rack Chins,REVIEW_NEEDED
2013,RP Seated Hamstring Curls,REVIEW_NEEDED
2686,Stir The Pot,REVIEW_NEEDED
1540,Long rope standing overhead ext,REVIEW_NEEDED
1812,Patrick Step,REVIEW_NEEDED
1041,Glute Med Kickback,REVIEW_NEEDED
1829,Pendulum Squat,REVIEW_NEEDED
1213,Hip abduction,REVIEW_NEEDED
1594,Lying Paused Rope Face Pull,REVIEW_NEEDED
1201,Hip Raise,REVIEW_NEEDED
350,Bent Over Reverse Fly,REVIEW_NEEDED
1989,Quarter Arc Runs,REVIEW_NEEDED
72,300m Row,REVIEW_NEEDED
3017,Yoke Carry,REVIEW_NEEDED
1615,Mace Work,REVIEW_NEEDED
1451,Lateral Ground Starts 10 Yards,REVIEW_NEEDED
855,Dumbell Squat Raises,REVIEW_NEEDED
2418,Single Arm Preacher Curl,REVIEW_NEEDED
652,Conditioning Circuit,REVIEW_NEEDED
1894,Pogo Hop,REVIEW_NEEDED
1403,L-Sit Hold On Parallettes,REVIEW_NEEDED
2155,Ring Triceps Extension,REVIEW_NEEDED
1012,Full-Body Mobility Routine 3 (Follow Along),REVIEW_NEEDED
2985,Wirst Forearm Curl,REVIEW_NEEDED
71,3-Way Shoulder Raise,REVIEW_NEEDED
2803,Trap 3 Raise,REVIEW_NEEDED
1300,Incline Tricep Power Bomb,REVIEW_NEEDED
213,Band Fly,REVIEW_NEEDED
456,Butterfly Stretch,REVIEW_NEEDED
611,Clamshells,REVIEW_NEEDED
1967,Pullover Press,REVIEW_NEEDED
264,Bar Skull Crusher,REVIEW_NEEDED
1177,Hight To Low Woodchoppers,REVIEW_NEEDED
189,Back Extension (Weighted),REVIEW_NEEDED
1457,Lateral Lunge,REVIEW_NEEDED
937,Flat Laying Db Curl,REVIEW_NEEDED
1325,JM-Skull Crush,REVIEW_NEEDED
2670,Stationary Bike,REVIEW_NEEDED
1003,Front Raise (Palms Up),REVIEW_NEEDED
876,Egyptian Lat Raise,REVIEW_NEEDED
2322,Seated Tibialis Raise,REVIEW_NEEDED
256,Banded Shoulder Extensions,REVIEW_NEEDED
58,1km Run,REVIEW_NEEDED
1130,Heavy Bag,REVIEW_NEEDED
1643,Max - Bench/Press,REVIEW_NEEDED
1754,One Leg Calf Raises,REVIEW_NEEDED
2041,Resistance Band Chest Fly,REVIEW_NEEDED
2036,Rear Foot Elevated Split Squat,REVIEW_NEEDED
56,120m Sprint,REVIEW_NEEDED
1043,Glute-Ham Raise,REVIEW_NEEDED
2509,Sitting French Curl,REVIEW_NEEDED
659,Cossack Squat,REVIEW_NEEDED
212,Band Face Pull,REVIEW_NEEDED
1645,Meadow Row,REVIEW_NEEDED
679,Crossover Run 10 Yards,REVIEW_NEEDED
675,Cross-Body Lat Pull-Around,REVIEW_NEEDED
2787,Tibialis,REVIEW_NEEDED
143,Air Cycling,REVIEW_NEEDED
383,Bike Erg,REVIEW_NEEDED
2766,Tempo Bulgarian Splits Squats,REVIEW_NEEDED
234,Banded Baseball Complex,REVIEW_NEEDED
2641,Standing Calf Raise,REVIEW_NEEDED
2957,Weighted Wide Grip Pullups,REVIEW_NEEDED
2958,Weighted Wrist extension,REVIEW_NEEDED
866,Dynamic Warm-up,REVIEW_NEEDED
294,Bayesian Curl,REVIEW_NEEDED
1098,Hammer Strength Chest Press,REVIEW_NEEDED
1401,Kroc Row,REVIEW_NEEDED
2413,Single Arm Overhead Ext (Dumbell),REVIEW_NEEDED
1943,Prowler Pull,REVIEW_NEEDED
1987,Quadruped T-Spine Rotations,REVIEW_NEEDED
153,Alternating Linear Pogos 10 Yards,REVIEW_NEEDED
543,Cardio (Zone 2),REVIEW_NEEDED
2321,Seated T-Spine Rotations w/ PVC,REVIEW_NEEDED
2194,Row (Band),REVIEW_NEEDED
1180,Hip Abduction (Band),REVIEW_NEEDED
2290,Seated Incline Press,REVIEW_NEEDED
927,Fire Hydrant (Band),REVIEW_NEEDED
2182,Rope Pullover,REVIEW_NEEDED
945,Flex - Triceps (Placeholder),REVIEW_NEEDED
1327,Jaegar Bands Warmup,REVIEW_NEEDED
916,Facepulls,REVIEW_NEEDED
1531,Liu Raise,REVIEW_NEEDED
2511,Sitting Hamstring Stretch,REVIEW_NEEDED
2615,Squat (Low Bar),REVIEW_NEEDED
226,Band Static Trunk Circuit,REVIEW_NEEDED
2797,Toe Touch,REVIEW_NEEDED
53,100m Row,REVIEW_NEEDED
1840,Pillar Bridge (hold),REVIEW_NEEDED
697,Curtsy Lunge Weighted,REVIEW_NEEDED
585,Chest Supported Rear Fly,REVIEW_NEEDED
452,Butt Kicks,REVIEW_NEEDED
2343,Short Foot Exercise,REVIEW_NEEDED
707,DB Reverse Lunges,REVIEW_NEEDED
432,Broomstick Twist,REVIEW_NEEDED
2611,Squat,REVIEW_NEEDED
872,Easy Curl Bent-Over Row,REVIEW_NEEDED
871,EZ Bar Upright Row,REVIEW_NEEDED
1065,Guillotine press,REVIEW_NEEDED
2711,Strength - Horizontal Push (Placeholder),REVIEW_NEEDED
66,21s (EZ Bar),REVIEW_NEEDED
915,Facepull,REVIEW_NEEDED
2114,Reverse Pecdec Fly,REVIEW_NEEDED
451,Butt Kick Run 10 Yrds,REVIEW_NEEDED
2553,Slow Eccentric Sissy Squats,REVIEW_NEEDED
1590,Lying Knee Raise,REVIEW_NEEDED
791,Donkey Kicks,REVIEW_NEEDED
983,Frog Pump,REVIEW_NEEDED
2211,Safety Bar Squat,REVIEW_NEEDED
2008,RP Military Press,REVIEW_NEEDED
2632,Stair Master,REVIEW_NEEDED
920,Fat Grip Hold,REVIEW_NEEDED
411,Bosu Ball Squats,REVIEW_NEEDED
2815,Triangle Pose,REVIEW_NEEDED
3047,inner thigh,REVIEW_NEEDED
694,Curtsy Lounge,REVIEW_NEEDED
1636,Main Hold,REVIEW_NEEDED
1466,"Lateral Pullover, Rope",REVIEW_NEEDED
100,90/90 Stretch Legs Crossed,REVIEW_NEEDED
1706,Neck Tilts,REVIEW_NEEDED
1964,Pullover (EZ Bar),REVIEW_NEEDED
2746,Swiss Bar Bench,REVIEW_NEEDED
1317,Iso-lateral High Row,REVIEW_NEEDED
1126,Hanging Shoulder Rotations,REVIEW_NEEDED
906,Ez Bar Skullcrusher,REVIEW_NEEDED
1404,L-Sit Holds,REVIEW_NEEDED
879,Elephant Walk,REVIEW_NEEDED
1824,Pec Stretch,REVIEW_NEEDED
38,(SHOULDERS) Rear Delts Fly,REVIEW_NEEDED
942,Flex - Horizontal Pull (Placeholder),REVIEW_NEEDED
1347,KOT Calf Raise,REVIEW_NEEDED
1736,One Arm  Pullup Test,REVIEW_NEEDED
1830,Penguins 🐧,REVIEW_NEEDED
972,Forearm Shit,REVIEW_NEEDED
956,Fly (Chain),REVIEW_NEEDED
1266,Incline Dumbbel Curl (Low Bench),REVIEW_NEEDED
2753,TRICEPS,REVIEW_NEEDED
245,Banded Glute Activation,REVIEW_NEEDED
3002,Wrist Roller,REVIEW_NEEDED
1158,High Incline DB Bench,REVIEW_NEEDED
2108,Reverse Lunge-Foot Evelated,REVIEW_NEEDED
2887,Upper Push Accessory 2,REVIEW_NEEDED
344,Bent Knee Standing Calf Raise,REVIEW_NEEDED
861,Dynamic Med Ball Soccer Toss,REVIEW_NEEDED
1752,One Arm Tricep Pressdown,REVIEW_NEEDED
1377,Klokov Press,REVIEW_NEEDED
1313,Is Ys Ts Ws,REVIEW_NEEDED
759,Deep Squat Hold With Rocking,REVIEW_NEEDED
202,Ball Ab Lifts,REVIEW_NEEDED
2482,Single Leg Squat With Bench,REVIEW_NEEDED
2389,Side-Lying Clamshells,REVIEW_NEEDED
986,Front / Side Raises,REVIEW_NEEDED
103,A Skip,REVIEW_NEEDED
2135,Ring Face Pull,REVIEW_NEEDED
1004,Front Shrug,REVIEW_NEEDED
2625,Squat With Chains,REVIEW_NEEDED
2341,Sheaf Throw,REVIEW_NEEDED
700,Cycling,REVIEW_NEEDED
1478,Lateral Shuffle,REVIEW_NEEDED
0,[PAD],REVIEW_NEEDED
2517,Skier Rows,REVIEW_NEEDED
1319,Isolation Work (Optional),REVIEW_NEEDED
122,Ab Wheel,REVIEW_NEEDED
2226,Sandbag Press,REVIEW_NEEDED
415,Bottom Half DB Fly,REVIEW_NEEDED
1381,Knee Raise (Captain's Chair),REVIEW_NEEDED
2646,Standing Ez-Bar Curl,REVIEW_NEEDED
2862,Underhand Pull-down biceps,REVIEW_NEEDED
1930,Press Around,REVIEW_NEEDED
1555,Low-Intensity Cardio,REVIEW_NEEDED
2891,V Bar Over Head Extension,REVIEW_NEEDED
1804,Partial Calf Raise,REVIEW_NEEDED
854,Dumbell Skullcrusher,REVIEW_NEEDED
977,Frame Carry,REVIEW_NEEDED
1021,Garhammer Raises,REVIEW_NEEDED
2925,Wall Tib Raise,REVIEW_NEEDED
946,Flexion Row,REVIEW_NEEDED
1900,Powell Raise,REVIEW_NEEDED
309,Behind The Neck Press (Seated),REVIEW_NEEDED
1120,Hanging Knee Raise,REVIEW_NEEDED
962,Forearm,REVIEW_NEEDED
211,Band Extensions,REVIEW_NEEDED
588,"Chest Supported Row (12,10,8,6,4)",REVIEW_NEEDED
2199,Rucking,REVIEW_NEEDED
1532,Load To Height,REVIEW_NEEDED
1093,Hammer Preacher Curl (Dumbell),REVIEW_NEEDED
217,Band Pull Apart,REVIEW_NEEDED
2694,Straight Arm Push down,REVIEW_NEEDED
1033,Glute Bridges With Resistance Band,REVIEW_NEEDED
2159,Roll Up,REVIEW_NEEDED
1164,High Knee Run 10 Yrds,REVIEW_NEEDED
2225,Sandbag Highpull,REVIEW_NEEDED
310,Behind The Neck Pullups,REVIEW_NEEDED
1654,Med Ball Side Slam,REVIEW_NEEDED
1424,Lat Press Down,REVIEW_NEEDED
1637,Main Hold 2,REVIEW_NEEDED
76,400m Row,REVIEW_NEEDED
1122,Hanging Lat Stretch,REVIEW_NEEDED
2790,Tibialis Raises,REVIEW_NEEDED
1157,High Incline Chest/Shoulder Press,REVIEW_NEEDED
2420,Single Arm Preacher Curls,REVIEW_NEEDED
155,Alternating Lunge with Rotation,REVIEW_NEEDED
2198,Ruck March,REVIEW_NEEDED
178,Assault Bike,REVIEW_NEEDED
1445,Lateral Alternating Bounds,REVIEW_NEEDED
2059,Rest Pause - Vertical Push (Placeholder),REVIEW_NEEDED
3005,Wrist Supination,REVIEW_NEEDED
1111,Hand Stand,REVIEW_NEEDED
1211,Hip Thrust DB,REVIEW_NEEDED
1565,Lu Raise,REVIEW_NEEDED
1765,Overhead Carry,REVIEW_NEEDED
118,Ab Roller,REVIEW_NEEDED
1387,Kneeling Band Twists,REVIEW_NEEDED
2303,Seated Overhead Extension (EZ Bar),REVIEW_NEEDED
2112,Reverse Pec Dec,REVIEW_NEEDED
2427,Single Arm Rear Delt Fly,REVIEW_NEEDED
1682,Monster Walks,REVIEW_NEEDED
3012,Yates Row,REVIEW_NEEDED
534,Calf Raise Sumo,REVIEW_NEEDED
1246,Incline Bicep Curl,REVIEW_NEEDED
2493,Single-Leg Balance(Barefoot),REVIEW_NEEDED
2279,Seated Forward Fold,REVIEW_NEEDED
49,1 Km Run,REVIEW_NEEDED
2770,Tempo Overheadpress,REVIEW_NEEDED
2050,Rest Pause - Calves (Placeholder),REVIEW_NEEDED
862,Dynamic Mobility,REVIEW_NEEDED
2908,Walk,REVIEW_NEEDED
1613,Mace Ball 360,REVIEW_NEEDED
1786,Overhead Squat,REVIEW_NEEDED
3035,Zottman Curls,REVIEW_NEEDED
2904,Vertical traction,REVIEW_NEEDED
634,Close Grip Larsen Press,REVIEW_NEEDED
2052,Rest Pause - Hamstring Isolation (Placeholder),REVIEW_NEEDED
1289,Incline Rear Delt Fly,REVIEW_NEEDED
2519,Skin The Cat,REVIEW_NEEDED
9,(BACK) Iso Row (Upper Back Focused),REVIEW_NEEDED
987,Front Carry,REVIEW_NEEDED
2882,Upper Back Row,REVIEW_NEEDED
2326,Seated Triceps Push Down,REVIEW_NEEDED
2914,Walking Lunges,REVIEW_NEEDED
1666,Medicine Ball Throw,REVIEW_NEEDED
2714,Strength - Vertical Push (Placeholder),REVIEW_NEEDED
1479,Lateral Shuffle To Ball Drop,REVIEW_NEEDED
1024,Glute Bridge (Band),REVIEW_NEEDED
1825,Pec/Trap Complex,REVIEW_NEEDED
909,FHL Calf Raise,REVIEW_NEEDED
2672,Stationary bike,REVIEW_NEEDED
1552,Low Row - Plate Loaded (Arsenal),REVIEW_NEEDED
1566,Lu Raises,REVIEW_NEEDED
1880,Plate Pin holder Hold,REVIEW_NEEDED
2058,Rest Pause - Vertical Pull (Placeholder),REVIEW_NEEDED
1941,Prone Y Lifts,REVIEW_NEEDED
1079,Half Kneeling Starts 10 Yards,REVIEW_NEEDED
1528,Line Hops,REVIEW_NEEDED
239,Banded Cuban Rotations,REVIEW_NEEDED
2998,Wrist Extension,REVIEW_NEEDED
1787,Overhead Squat Holds (Pause at Bottom),REVIEW_NEEDED
921,Fat Grip Reverse Curls(Ez Bar),REVIEW_NEEDED
2498,Single-Leg Stretch,REVIEW_NEEDED
1091,Hammer Preacher Curl,REVIEW_NEEDED
905,Ez Bar Skull Crusher,REVIEW_NEEDED
1147,Helms Row,REVIEW_NEEDED
928,Fire Hydrants,REVIEW_NEEDED
158,Anderson Squat,REVIEW_NEEDED
858,Dump The Buckets,REVIEW_NEEDED
2391,Side-Lying Hip Raise,REVIEW_NEEDED
2409,Single Arm Landline Press,REVIEW_NEEDED
709,DY Row,REVIEW_NEEDED
2344,Short-Lever Copenhagen,REVIEW_NEEDED
250,Banded Kettle Bell Swings,REVIEW_NEEDED
228,Band Twists,REVIEW_NEEDED
422,Bounds,REVIEW_NEEDED
1993,RDL / Same Movement,REVIEW_NEEDED
455,Butterfly Reverse,REVIEW_NEEDED
1842,Pillar Bridge w/ Arm Reach,REVIEW_NEEDED
2319,Seated Spinal Twist,REVIEW_NEEDED
1305,Incline dumbell skiers,REVIEW_NEEDED
2776,Terminal Knee Extensions,REVIEW_NEEDED
238,Banded Clam Shells,REVIEW_NEEDED
2916,Walking Lunges w/ Pulse,REVIEW_NEEDED
672,Cross Body Shoulder Stretch,REVIEW_NEEDED
1322,JM Press,REVIEW_NEEDED
1533,Loading,REVIEW_NEEDED
979,Free Motion Pec Fly,REVIEW_NEEDED
989,Front Carry Lunge For Time,REVIEW_NEEDED
1534,Log Press,REVIEW_NEEDED
1750,One Arm Rope Push Down,REVIEW_NEEDED
545,Carioca Quick Step 10 Yards,REVIEW_NEEDED
295,Baysian Curl,REVIEW_NEEDED
1076,Half Kneeling Lateral Starts 10 Yards,REVIEW_NEEDED
803,Dragon Flag,REVIEW_NEEDED
2358,Shr,REVIEW_NEEDED
2849,Triceps press,REVIEW_NEEDED
1245,Incline Bench Row,REVIEW_NEEDED
999,Front PullDwon,REVIEW_NEEDED
2060,Retro Walking Treadmill,REVIEW_NEEDED
1899,Posture Excercise,REVIEW_NEEDED
87,500m Row,REVIEW_NEEDED
1188,Hip Bridge March,REVIEW_NEEDED
1921,Preacher Curl - Hammer Strength,REVIEW_NEEDED
1107,Hand Gripper,REVIEW_NEEDED
2224,Sandbag High Pull (3xReps),REVIEW_NEEDED
1234,Incline Bench Ppress (Low Incline),REVIEW_NEEDED
1014,Full-Body Mobility Routine 6 (Follow Along),REVIEW_NEEDED
1101,Hamstring Curl,REVIEW_NEEDED
2472,Single Leg Quad Extension,REVIEW_NEEDED
2414,Single Arm Overhead Exte,REVIEW_NEEDED
68,250m Row,REVIEW_NEEDED
208,Band Chest Flyes,REVIEW_NEEDED
2886,Upper Push Accessory 1,REVIEW_NEEDED
2184,Rotary Torso,REVIEW_NEEDED
1663,Medicine Ball Punch,REVIEW_NEEDED
127,Abrazo Del Oso,REVIEW_NEEDED
161,Any Back,REVIEW_NEEDED
1588,Lying Incline Death Curls,REVIEW_NEEDED
2230,Sandbag Shoulder Squat,REVIEW_NEEDED
2727,Sumo SLDL,REVIEW_NEEDED
1640,Marching In Place,REVIEW_NEEDED
63,200m Row,REVIEW_NEEDED
1986,Quadriceps Sets,REVIEW_NEEDED
1938,Pronation Curl,REVIEW_NEEDED
2077,Reverse Fly,REVIEW_NEEDED
2228,Sandbag Row (3xReps),REVIEW_NEEDED
1074,Half Kneeling High Band Row,REVIEW_NEEDED
1309,Inverse Zottman Curl,REVIEW_NEEDED
2676,Step-Up (Weighted),REVIEW_NEEDED
793,Doorway Stretch,REVIEW_NEEDED
1161,High Incline Press,REVIEW_NEEDED
1817,Paused Calf Raise Of Choice,REVIEW_NEEDED
184,B Stance rdl,REVIEW_NEEDED
1697,Neck Curl&Extension,REVIEW_NEEDED
1314,Iso Bench (UTD),REVIEW_NEEDED
1449,Lateral Bound with Stick,REVIEW_NEEDED
1524,Light Leg Exercise (Swap Out For Something Thatll Pump Whatever Is Sore In Your Leg),REVIEW_NEEDED
1463,Lateral Power Shuffles 10 Yards,REVIEW_NEEDED
1297,"Incline Treadmill Walk (5–10 Incline, 3.0 Speed)",REVIEW_NEEDED
1259,Incline Chestfly,REVIEW_NEEDED
1581,Lying Chest Pass Med Ball Throw,REVIEW_NEEDED
880,Elevated Bulgarian Split Squat,REVIEW_NEEDED
1844,Pin Press Squat,REVIEW_NEEDED
2843,Triceps Diverging Pressdown (Long Rope),REVIEW_NEEDED
242,Banded External Rotation,REVIEW_NEEDED
715,Deadbug,REVIEW_NEEDED
1461,Lateral Neck,REVIEW_NEEDED
1192,Hip Extension,REVIEW_NEEDED
1755,One Leg Hip Thrust,REVIEW_NEEDED
2336,Select Your Squat Accessory (Swap This Out For A Listed Exercise),REVIEW_NEEDED
140,Agachamento Hack Sentado,REVIEW_NEEDED
3053,shrug,REVIEW_NEEDED
852,Dumbell Push Jerk,REVIEW_NEEDED
2928,Warrior Post 1,REVIEW_NEEDED
2589,Speed Bench,REVIEW_NEEDED
665,Couch Touches,REVIEW_NEEDED
2450,Single Leg Calf Raise (Weighted),REVIEW_NEEDED
2652,Standing March (Bands),REVIEW_NEEDED
2901,Vatsat,REVIEW_NEEDED
2333,Select Your Extension (Swap This Out For A Listed Exercise),REVIEW_NEEDED
70,3 Count Pause Bench,REVIEW_NEEDED
2660,Standing Shoulder Press,REVIEW_NEEDED
2858,Two Phase Pull,REVIEW_NEEDED
2907,Waiter Curl,REVIEW_NEEDED
304,Behind The Back Holds,REVIEW_NEEDED
2053,Rest Pause - Horizontal Pull (Placeholder),REVIEW_NEEDED
1081,Hammer Bar Curl,REVIEW_NEEDED
2768,Tempo OHP,REVIEW_NEEDED
884,Elevated Heel Squat Holds,REVIEW_NEEDED
2513,Skater Hop,REVIEW_NEEDED
796,Double Leg Multi-Directional Pogo,REVIEW_NEEDED
2883,Upper Back Rows,REVIEW_NEEDED
1248,Incline Buffalo Bench,REVIEW_NEEDED
319,Behind-the-Neck Push Press,REVIEW_NEEDED
1127,Hanging Toes To Bar,REVIEW_NEEDED
780,Dinnie Lift,REVIEW_NEEDED
1143,Heel Walks 20 Yards,REVIEW_NEEDED
2933,Weight Over Bar,REVIEW_NEEDED
216,Band Pistons,REVIEW_NEEDED
2047,Rest,REVIEW_NEEDED
2094,Reverse Grip Push Down,REVIEW_NEEDED
1308,Internal/eternal Rotation,REVIEW_NEEDED
2203,Russian Twist,REVIEW_NEEDED
1878,Plate Front Raises,REVIEW_NEEDED
2492,Single-Arm Rainbow Curls,REVIEW_NEEDED
2010,RP Overhead Triceps Extension,REVIEW_NEEDED
917,Farmer's Walk (Weighted),REVIEW_NEEDED
996,Front Lever Hold,REVIEW_NEEDED
1969,Push Accessories,REVIEW_NEEDED
40,(SHOULDERS) Seated Iso Shoulder Press,REVIEW_NEEDED
2251,Seated Alternating Lateral,REVIEW_NEEDED
1,[MASK],REVIEW_NEEDED
1856,Planche Progression Hold,REVIEW_NEEDED
77,400m Sprint,REVIEW_NEEDED
2872,Unilateral Preacher Curl,REVIEW_NEEDED
1722,Oblique Accessory 1,REVIEW_NEEDED
997,"Front Loaded Squats (Sandbag, Odd Object)",REVIEW_NEEDED
3045,fire hydrant,REVIEW_NEEDED
1725,Oblique Heel Touch,REVIEW_NEEDED
661,Cossack Squats,REVIEW_NEEDED
2237,Sauna,REVIEW_NEEDED
1885,Plate pinch,REVIEW_NEEDED
1985,Quad/Hip Flexor Stretch - 1/2 Kneeling,REVIEW_NEEDED
1612,MTS Row,REVIEW_NEEDED
2689,Straight Arm Chest Raise,REVIEW_NEEDED
2032,Rear Delt Neck Supported,REVIEW_NEEDED
61,2 Handed Anyhow,REVIEW_NEEDED
2503,Sissy Squat (Weighted),REVIEW_NEEDED
81,45 Degree Incline DB Press,REVIEW_NEEDED
2701,Straight Leg Calf Raise,REVIEW_NEEDED
199,Bag Throw,REVIEW_NEEDED
2984,Windshield Wipers,REVIEW_NEEDED
306,Behind The Back Shrug,REVIEW_NEEDED
64,200m Sprint,REVIEW_NEEDED
2497,Single-Leg Stand,REVIEW_NEEDED
124,Ab Wheel [Weighted],REVIEW_NEEDED
1447,Lateral Banded Walk,REVIEW_NEEDED
2965,Wide Grip Incline Benchpress,REVIEW_NEEDED
1597,Lying Reverse Fly,REVIEW_NEEDED
2696,Straight Back Kickbacks,REVIEW_NEEDED
2349,Shoulder Press,REVIEW_NEEDED
2316,Seated Shoulder Press (Behind Neck),REVIEW_NEEDED
97,90/90 Hip Rotations,REVIEW_NEEDED
2197,Rubber Band Vertical Pull-A-Parts,REVIEW_NEEDED
1798,Pallof Hold,REVIEW_NEEDED
2771,Tempo Press,REVIEW_NEEDED
2243,Scarecrows,REVIEW_NEEDED
15,(BICEPS) Single Arm Hammer Preacher Curl,REVIEW_NEEDED
974,Forearms Curls,REVIEW_NEEDED
658,Core Work (You Choose),REVIEW_NEEDED
112,ATG Lunge,REVIEW_NEEDED
1261,Incline Curl,REVIEW_NEEDED
2157,Rising,REVIEW_NEEDED
2045,Resisted Alternating Knee To Chest,REVIEW_NEEDED
587,Chest Supported Row,REVIEW_NEEDED
2253,Seated Anterior Delt Press (AD),REVIEW_NEEDED
2,[UNK],REVIEW_NEEDED
2608,Split stance KB Windmill,REVIEW_NEEDED
425,Box Shuffle,REVIEW_NEEDED
107,ACB Reverse Close Grip Bench,REVIEW_NEEDED
220,Band Resisted Sprints 20 Yards,REVIEW_NEEDED
2983,Windmill,REVIEW_NEEDED
867,Dynamic Warmup,REVIEW_NEEDED
1296,Incline Treadmill,REVIEW_NEEDED
138,Adduction,REVIEW_NEEDED
705,DB Hip Hugger,REVIEW_NEEDED
1968,Punching Bag,REVIEW_NEEDED
922,Fear Press,REVIEW_NEEDED
1197,Hip Flexor Raise,REVIEW_NEEDED
1819,Paused Incline Press,REVIEW_NEEDED
1695,Neck Curl,REVIEW_NEEDED
1458,Lateral Lunge (Weighted),REVIEW_NEEDED
74,3in Board Press,REVIEW_NEEDED
2128,Rhino Row - Single Arm,REVIEW_NEEDED
911,Face Pull,REVIEW_NEEDED
3023,Z-Sit Shoulder Press,REVIEW_NEEDED
2982,Williams Extensions,REVIEW_NEEDED
1962,Pullover,REVIEW_NEEDED
632,Close Grip Incline Bench,REVIEW_NEEDED
200,Bajan Curl,REVIEW_NEEDED
2675,Step downs,REVIEW_NEEDED
1235,Incline Bench Preacher Curl,REVIEW_NEEDED
1850,Piriformis Stretch,REVIEW_NEEDED
2848,Triceps Rope Above Head,REVIEW_NEEDED
1275,Incline Fly,REVIEW_NEEDED
1831,Peterson Step Ups,REVIEW_NEEDED
2691,Straight Arm Pull Down,REVIEW_NEEDED
201,Balance Board,REVIEW_NEEDED
957,Fly Into Press,REVIEW_NEEDED
902,External Rotations,REVIEW_NEEDED
1827,Pelvic Tilts,REVIEW_NEEDED
1841,Pillar Bridge w/ Arm Lift,REVIEW_NEEDED
1348,Kas Glute Bridge,REVIEW_NEEDED
2944,Weighted Hanging Oblique Knee Raise,REVIEW_NEEDED
2690,Straight Arm Lat Pull Down (12-15),REVIEW_NEEDED
1175,High-To-Low Neutral-Grip Lat Row,REVIEW_NEEDED
1726,Oblique QL Side Raise,REVIEW_NEEDED
2534,Slant board calf stretch,REVIEW_NEEDED
1890,Plyo Wall Reverse Throws,REVIEW_NEEDED
1855,Planche Progression,REVIEW_NEEDED
2975,Wide Neutral Pullups,REVIEW_NEEDED
1165,High Knees,REVIEW_NEEDED
240,Banded Deadbug,REVIEW_NEEDED
2236,Sandbag-To-Shoulder,REVIEW_NEEDED
1142,Heel Taps,REVIEW_NEEDED
1166,High Pull,REVIEW_NEEDED
1492,Leg Circles,REVIEW_NEEDED
2231,Sandbag Shoulder Toss,REVIEW_NEEDED
1227,In And Out,REVIEW_NEEDED
1100,Hammer Strength Preacher Curl,REVIEW_NEEDED
3008,Y Raise,REVIEW_NEEDED
197,Backwards Walk,REVIEW_NEEDED
1349,Katana Extension,REVIEW_NEEDED
690,Curl And Hold,REVIEW_NEEDED
1813,Pause Press(Bench),REVIEW_NEEDED
2979,Wide Stance Rdl,REVIEW_NEEDED
1759,Opposite Grip Pullups (Chins If Your Primary Is Pullups And Vice Versa),REVIEW_NEEDED
800,Downward Dog,REVIEW_NEEDED
2699,Straight Bar Wrist Curl,REVIEW_NEEDED
160,Anterior Tibialis Raises,REVIEW_NEEDED
1839,Pike Pushup (Feet Elevated),REVIEW_NEEDED
2778,Thoracic Extension Stretch,REVIEW_NEEDED
2003,RP Incline Hammer Strength Press,REVIEW_NEEDED
1440,Lat Pullover,REVIEW_NEEDED
92,8 Minute Core Routine,REVIEW_NEEDED
2345,Shoulder Banded Rotations,REVIEW_NEEDED
2930,Warrior Post 3,REVIEW_NEEDED
2152,Ring Row (Weighted),REVIEW_NEEDED
1029,Glute Bridge - 2 Up 1 Down,REVIEW_NEEDED
2989,Wood Chopper,REVIEW_NEEDED
457,C Drill,REVIEW_NEEDED
376,Biceps Pull-Down,REVIEW_NEEDED
2049,Rest Pause - Biceps (Placeholder),REVIEW_NEEDED
1397,Kneeling Med Ball Soccer Toss,REVIEW_NEEDED
384,Bike Ride,REVIEW_NEEDED
2648,Standing Knee Drive,REVIEW_NEEDED
1386,Knee-to-wall ankle rocks,REVIEW_NEEDED
1834,Pigeon Stretch Altered,REVIEW_NEEDED
2793,Titan's Telegraph,REVIEW_NEEDED
1220,Hyperextension,REVIEW_NEEDED
2479,Single Leg Seated Hamstring Curl,REVIEW_NEEDED
2679,Stick Dislocates,REVIEW_NEEDED
1486,Lateral walks  (banded),REVIEW_NEEDED
2977,Wide Row,REVIEW_NEEDED
1103,Hamstring Lean,REVIEW_NEEDED
394,Block Press,REVIEW_NEEDED
1801,Pallof Press Walkouts,REVIEW_NEEDED
2505,Sissy Squats (Full ROM),REVIEW_NEEDED
2764,Tech Drills,REVIEW_NEEDED
666,Crab Walk,REVIEW_NEEDED
703,DANCER AB ROUTINE 6 MINUTES,REVIEW_NEEDED
84,45-degree Side Bend,REVIEW_NEEDED
351,Bent Over Row,REVIEW_NEEDED
1230,Inchworm Walkout,REVIEW_NEEDED
142,Air Bike,REVIEW_NEEDED
860,Dynamic Med Ball Side Slam,REVIEW_NEEDED
2481,Single Leg Squat (On Plates),REVIEW_NEEDED
609,Chinese Lateral Elevations,REVIEW_NEEDED
2227,Sandbag Row,REVIEW_NEEDED
251,Banded Knee Extensions,REVIEW_NEEDED
19,(CARDIO) SKI ERG,REVIEW_NEEDED
252,Banded Overhead Squat,REVIEW_NEEDED
2466,Single Leg Lateral Line Hops,REVIEW_NEEDED
1283,Incline Hybrid DB Fly,REVIEW_NEEDED
1562,Lower Body Twist,REVIEW_NEEDED
768,Deficit Reverse Lunge,REVIEW_NEEDED
1769,Overhead Extension (EZ Bar),REVIEW_NEEDED
1482,Lateral Shuffles 10 Yards,REVIEW_NEEDED
971,Forearm Roller,REVIEW_NEEDED
2991,World's Greatest Stretch,REVIEW_NEEDED
2256,Seated Biceps Curl,REVIEW_NEEDED
1775,Overhead Plate Circle,REVIEW_NEEDED
2153,Ring Sissy Squat,REVIEW_NEEDED
209,Band Curls,REVIEW_NEEDED
1311,Inverted Row,REVIEW_NEEDED
1506,Leg Pres (Low Pad),REVIEW_NEEDED
3056,tire with hammer,REVIEW_NEEDED
129,Abs Circut,REVIEW_NEEDED
1854,Plancha Bing Chilling,REVIEW_NEEDED
1585,Lying Face Pull (Rope),REVIEW_NEEDED
2748,T Drll,REVIEW_NEEDED
2741,Supinated Grip Chin-ups,REVIEW_NEEDED
1032,Glute Bridges,REVIEW_NEEDED
547,Carry medley,REVIEW_NEEDED
2252,Seated Altrnating Dumbell Curl,REVIEW_NEEDED
932,Flat Chest Db Press,REVIEW_NEEDED
2629,Stability Ball Hamstring Curl,REVIEW_NEEDED
1063,Guillotine Press,REVIEW_NEEDED
2595,Spider Curl,REVIEW_NEEDED
2185,Rotating Bicep Curl,REVIEW_NEEDED
2151,Ring Row,REVIEW_NEEDED
2405,Single Arm Incline Press,REVIEW_NEEDED
1538,Long Toss 30 Feet - Arc Throws,REVIEW_NEEDED
1905,Power Shrug,REVIEW_NEEDED
429,Braemar Stone,REVIEW_NEEDED
2554,Slow Negative Cossack Squats,REVIEW_NEEDED
1516,Leg Swings,REVIEW_NEEDED
2406,Single Arm Iso Row,REVIEW_NEEDED
1223,"I, Y, T (IYT) Raise",REVIEW_NEEDED
553,Change Of Direction Sprints,REVIEW_NEEDED
2700,Straight Leg Bounds 20 Yards,REVIEW_NEEDED
444,Bulldozer Fly,REVIEW_NEEDED
2929,Warrior Post 2,REVIEW_NEEDED
2201,Running In Place,REVIEW_NEEDED
1104,Hamstring Oefening,REVIEW_NEEDED
1419,Lat Biased Row,REVIEW_NEEDED
753,Decline Skullcrusher,REVIEW_NEEDED
2459,Single Leg Hamstring Curl,REVIEW_NEEDED
2658,Standing Reverse Fly,REVIEW_NEEDED
1517,"Legg Press (12,10,8,6,4)",REVIEW_NEEDED
2945,Weighted Knee Raises,REVIEW_NEEDED
612,Clamshells (Band),REVIEW_NEEDED
2081,Reverse Forearm Curl,REVIEW_NEEDED
144,Alternate Bounds,REVIEW_NEEDED
2654,Standing Overhead Extension,REVIEW_NEEDED
2034,Rear Delt Skier,REVIEW_NEEDED
2422,Single Arm Pull Down,REVIEW_NEEDED
563,Chest Press (Convergent),REVIEW_NEEDED
2111,Reverse Nordic Curl,REVIEW_NEEDED
961,Foot To Bar,REVIEW_NEEDED
1168,High Row,REVIEW_NEEDED
2044,Resistance Band Stretching,REVIEW_NEEDED
2620,Squat Press,REVIEW_NEEDED
247,Banded Hip Abduction,REVIEW_NEEDED
1907,Power Skips Distance 20 Yrds,REVIEW_NEEDED
99,90/90 Stretch,REVIEW_NEEDED
2189,Rotator Cuff (Seated - Kneesovertoes),REVIEW_NEEDED
2827,Tricep Kick Back,REVIEW_NEEDED
604,Child's Pose,REVIEW_NEEDED
2599,Spin,REVIEW_NEEDED
2713,Strength - Squat/Hinge (Placeholder),REVIEW_NEEDED
984,Frog Pumps,REVIEW_NEEDED
2310,Seated Rhino Row,REVIEW_NEEDED
108,ACFT Sprint Drag Carry (SDC),REVIEW_NEEDED
2934,Weight Over Bar (Highland Games),REVIEW_NEEDED
1292,Incline Rear Delt Raises W External Rotation,REVIEW_NEEDED
801,Drag Curl,REVIEW_NEEDED
2531,Skullcrusher (EZ Bar),REVIEW_NEEDED
2863,Underhand Row,REVIEW_NEEDED
1392,Kneeling Med Ball Front Toss,REVIEW_NEEDED
758,Deep Squat Hold,REVIEW_NEEDED
644,Cobra Stretch,REVIEW_NEEDED
1199,Hip Hinge,REVIEW_NEEDED
1703,Neck Press/Guillotine Press,REVIEW_NEEDED
1039,Glute Kickback,REVIEW_NEEDED
1133,Heavy Hammer,REVIEW_NEEDED
2460,Single Leg Hip Thrust,REVIEW_NEEDED
2635,Stairs,REVIEW_NEEDED
2830,Tricep Kickbacks,REVIEW_NEEDED
939,Flat Walk,REVIEW_NEEDED
1901,Power Bounds Distance 10 Yards,REVIEW_NEEDED
173,Arms-Extended 45° Hyperextension,REVIEW_NEEDED
1646,Meadows Curl,REVIEW_NEEDED
387,Bilateral Snapdown,REVIEW_NEEDED
1000,Front Raise,REVIEW_NEEDED
2444,Single Leg Bridge,REVIEW_NEEDED
1061,Ground Starts 10 Yards,REVIEW_NEEDED
237,Banded Chest Fly,REVIEW_NEEDED
2987,Wood Chop (High To Low),REVIEW_NEEDED
869,EZ Bar Skull Crusher,REVIEW_NEEDED
1396,Kneeling Med Ball Slam,REVIEW_NEEDED
1224,I-Y-T : Reverse Banded,REVIEW_NEEDED
1344,KAS Glute Bridge Hold,REVIEW_NEEDED
1939,Pronation Curls,REVIEW_NEEDED
1356,Kennan Flap,REVIEW_NEEDED
1970,Push Jerk,REVIEW_NEEDED
233,Banded Backwards Kicks,REVIEW_NEEDED
549,Cast Backward Circle,REVIEW_NEEDED
2334,Select Your Leg Accessory (Swap This Out For A Listed Exercise),REVIEW_NEEDED
1761,Overcoming ISO Close Grip Bench,REVIEW_NEEDED
2502,Sissy Squat,REVIEW_NEEDED
69,2km Row,REVIEW_NEEDED
2179,Rope Curl,REVIEW_NEEDED
2673,Steady-State Cardio,REVIEW_NEEDED
525,Calf Raise,REVIEW_NEEDED
1306,Internal Rotation,REVIEW_NEEDED
1935,Pro Shuttle Ea Direction,REVIEW_NEEDED
1699,Neck Extension,REVIEW_NEEDED
255,Banded Shoulder Dislocates,REVIEW_NEEDED
1982,Pushup,REVIEW_NEEDED
1679,Modified Curl Up,REVIEW_NEEDED
249,Banded Hip Flexor Marches,REVIEW_NEEDED
2002,RP Hammer Strength Shoulder Press - Plate Loaded,REVIEW_NEEDED
307,Behind The Back Shrugs,REVIEW_NEEDED
2347,Shoulder Dislocations W/ Band,REVIEW_NEEDED
1178,Hill Sprint / Stairs Sprint,REVIEW_NEEDED
1090,Hammer Preacher,REVIEW_NEEDED
106,ACB Close Grip Bench,REVIEW_NEEDED
1335,Jog,REVIEW_NEEDED
2780,Thread The Needle,REVIEW_NEEDED
1013,Full-Body Mobility Routine 5 (Follow Along),REVIEW_NEEDED
1683,Monster Walks (hip Circle),REVIEW_NEEDED
1254,Incline Chest Fly,REVIEW_NEEDED
1988,Quadruped Thread-the-Needle Rotations,REVIEW_NEEDED
1936,Pronated Finger Curls,REVIEW_NEEDED
2913,Walking Lunge (Weighted),REVIEW_NEEDED
95,90/90,REVIEW_NEEDED
1796,Overhead Triceps Stretch,REVIEW_NEEDED
1748,One Arm Reverse Fly,REVIEW_NEEDED
308,Behind The Neck Press,REVIEW_NEEDED
2885,Upper Pull Accessory 2,REVIEW_NEEDED
218,Band Pull Aparts Routine,REVIEW_NEEDED
2372,Side Chop,REVIEW_NEEDED
1480,Lateral Shuffle To Sprint 10 Yards,REVIEW_NEEDED
1226,IYT (Banded),REVIEW_NEEDED
1883,Plate Raises,REVIEW_NEEDED
2668,Static Curl,REVIEW_NEEDED
1015,Full-Body Mobility Routine 7 (Follow Along),REVIEW_NEEDED
2515,SkiErg,REVIEW_NEEDED
1649,Med Ball Broad Toss,REVIEW_NEEDED
2200,Run,REVIEW_NEEDED
2674,Steal Starts 10 Yards,REVIEW_NEEDED
2270,Seated Dumbbel Shrugs,REVIEW_NEEDED
990,Front Foot Elevated Lunge,REVIEW_NEEDED
117,Ab Roll,REVIEW_NEEDED
967,Forearm Finger Curl Supinated (Optional),REVIEW_NEEDED
1331,Jefferson Curl,REVIEW_NEEDED
1170,High Step Up,REVIEW_NEEDED
643,Cobra Pushups,REVIEW_NEEDED
1190,Hip Circles,REVIEW_NEEDED
1906,Power Skips 20yds,REVIEW_NEEDED
2999,Wrist Figure 8s w/ Light Plate,REVIEW_NEEDED
1312,Iron Cross,REVIEW_NEEDED
1816,Paused Bench 2 Sec,REVIEW_NEEDED
1913,Preacher Curl  (Plate Loaded),REVIEW_NEEDED
2180,Rope Face Pulls,REVIEW_NEEDED
159,Anterior Tibialis Raise,REVIEW_NEEDED
360,Bicep Curl (12-15),REVIEW_NEEDED
57,1km Row,REVIEW_NEEDED
668,Cross Body Lat Pull Around,REVIEW_NEEDED
385,Bike Sprint,REVIEW_NEEDED
290,Basyian Curl,REVIEW_NEEDED
2440,Single Leg / Core Accessories,REVIEW_NEEDED
2302,Seated Or Lying Hamstring Curl (Swap This Out For Either),REVIEW_NEEDED
2813,Treadmill,REVIEW_NEEDED
2506,Sissy Squats (Partial ROM),REVIEW_NEEDED
2339,Shadow Boxing,REVIEW_NEEDED
2125,Reverse Wrist Curls,REVIEW_NEEDED
104,AB Rollout,REVIEW_NEEDED
2634,Stairmaster,REVIEW_NEEDED
1698,Neck Curls & Extensions,REVIEW_NEEDED
2029,Rear Delt Fly (Single Arm),REVIEW_NEEDED
2352,Shoulder Press (Seated),REVIEW_NEEDED
1138,Heel Elevated Squat,REVIEW_NEEDED
1991,R.B Ab Twist,REVIEW_NEEDED
1917,Preacher Curl (EZ Bar),REVIEW_NEEDED
2659,Standing SL Hamstring Curl (Monkey Foot),REVIEW_NEEDED
1264,Incline DB Curl 45 Degrees,REVIEW_NEEDED
2337,Selkä,REVIEW_NEEDED
1604,Lying Triceps Extension (EZ Bar),REVIEW_NEEDED
1584,Lying DB Bicep Curl,REVIEW_NEEDED
1833,Peterson Step-Ups (Weighted),REVIEW_NEEDED
1541,Loop band Exercise,REVIEW_NEEDED
2263,Seated Calf Raise,REVIEW_NEEDED
2210,Safety Bar Hatfield Squat,REVIEW_NEEDED
1665,Medicine Ball Russian Twist,REVIEW_NEEDED
1959,PullAround,REVIEW_NEEDED
2140,Ring Lat Pull,REVIEW_NEEDED
931,Flat Bench Curls,REVIEW_NEEDED
2744,Swim,REVIEW_NEEDED
3044,dead hang time,REVIEW_NEEDED
992,Front Foot Elevated Split Squat,REVIEW_NEEDED
2710,Strength - Hamstring Hinge (Placeholder),REVIEW_NEEDED
2238,Scap Pull Down,REVIEW_NEEDED
1196,Hip Flexor Lift-offs,REVIEW_NEEDED
2828,Tricep Kickback,REVIEW_NEEDED
204,Ball Slam,REVIEW_NEEDED
605,Child’s Pose,REVIEW_NEEDED
1574,Lunge With Twist,REVIEW_NEEDED
2665,Standing Thoracic Rotation,REVIEW_NEEDED
368,Bicep Curl Incline (Dumbell),REVIEW_NEEDED
674,Cross Body Y-Raise,REVIEW_NEEDED
1656,Med Ball Slam,REVIEW_NEEDED
1329,Jammer Press,REVIEW_NEEDED
794,Dorsiflexion With Band,REVIEW_NEEDED
797,Double Quadruped Transverse Hip Abduction,REVIEW_NEEDED
908,FFE Contralateral DB Reverse Lunge,REVIEW_NEEDED
594,Chest Supported Row (Swiss Bar),REVIEW_NEEDED
1984,Quad extensions,REVIEW_NEEDED
292,Batwing Isometric Holds,REVIEW_NEEDED
2030,Rear Delt Fly Of Choice,REVIEW_NEEDED
923,Feet Up Bench,REVIEW_NEEDED
2120,Reverse Step-Downs,REVIEW_NEEDED
613,Clamshells With Band,REVIEW_NEEDED
598,Chest Supported T Bar Row Pronated,REVIEW_NEEDED
1378,Knee Flexion. Easy To Overload,REVIEW_NEEDED
894,Erg Row,REVIEW_NEEDED
925,Finger Curl,REVIEW_NEEDED
596,Chest Supported Row Of Choice,REVIEW_NEEDED
1772,Overhead March,REVIEW_NEEDED
96,90/90 Hip Flow,REVIEW_NEEDED
105,ABS,REVIEW_NEEDED
297,Bear Craw Isometric Hold,REVIEW_NEEDED
1696,Neck Curl (Banded Or Plate),REVIEW_NEEDED
2742,Supine Scorpions,REVIEW_NEEDED
2865,Underhand Tricep Pulldown (EZ Bar),Machine
516,Cable abduction,Machine
601,Chest-Supported Row (Machine),Machine
1795,Overhead Tricep Extension Machine,Machine
893,Elliptical Machine,Machine
1443,Lat Pushdown,Machine
2004,RP Lat Pulldowns,Machine
278,Barbell Row (smith Machine),Machine
2877,Unilateral Tricep Cable Pushdown(Rope),Machine
2878,Unilaterel Leg Extension,Machine
1181,Hip Abductor (Machine),Machine
180,Assisted Squats,Machine
349,Bent Over Machine Row,Machine
2102,Reverse Hyperextension,Machine
2559,Smith Machine Calf,Machine
362,Bicep Curl (Cable),Machine
2367,Shrug Smith Behind The Back,Machine
1749,One Arm Reverse Pec Deck,Machine
2820,Tricep Extension (Banded),Machine
2867,Unilateral Cable Rear Delt Fly,Machine
1557,Low-to-High Cable Fly,Machine
2308,Seated Overhead Press (Smith Machine),Machine
1009,Front Squat (Smith Machine),Machine
2079,Reverse Fly (Machine),Machine
1053,Goblet Squats (Cable),Machine
2996,Wrist Curls (Cable),Machine
2467,Single Leg Leg Extension,Machine
1251,Incline Cable Fly,Machine
513,Cable Wrist Pushdown,Machine
2706,Straight-Arm Pulldown,Machine
1219,Horizontal Elbow-braced Cable Triceps Extension,Machine
677,Crossbody Tricep Extension,Machine
518,Cable twists,Machine
1167,High Rep Leg Extension,Machine
1501,Leg Extension (One Leg),Machine
1437,Lat Pulldown (behind neck),Machine
2355,Shoulder Press Smith machine,Machine
1471,Lateral Raise (Machine),Machine
2642,Standing Calf Raise (Machine),Machine
2350,Shoulder Press (Machine),Machine
2834,Tricep Pressdown 2 (Cable),Machine
2875,Unilateral Preacher Curl Machine,Machine
1493,Leg Curl,Machine
2449,Single Leg Calf Raise (Machine),Machine
2864,Underhand Rows (Machine),Machine
2080,Reverse Flye (Cable),Machine
1619,Machine Calf Raise,Machine
1208,Hip Thrust (Machine),Machine
474,Cable Incline Curl,Machine
2544,Sled Push Pull,Machine
194,Backward Sled,Machine
507,Cable V-Bar Seated Rows,Machine
2836,Tricep Pushdown,Machine
35,(LEGS) Sled Push,Machine
1735,Omnidirectional Sled Drag For Time,Machine
2733,Super ROM Overhead Cable Row,Machine
2976,Wide Overhand Pulldown,Machine
2756,TRX Facepull,Machine
3046,hip adduction (Cable),Machine
1527,Light cardio (Treadmill Or Rowing machine),Machine
2088,Reverse Grip Curl (Cable),Machine
1601,Lying Tricep Extension,Machine
2399,Single Arm Diagonal Pulldown (Machine),Machine
2821,Tricep Extension (Barbell),Machine
2829,Tricep Kickback (Cable),Machine
2974,Wide Neutral Pulldown,Machine
2575,Smith Upright Row,Machine
1258,Incline Chest Press (Smith),Machine
371,"Bicep Curl, Cable, Bench Out In Front",Machine
2092,Reverse Grip Machine Rows,Machine
2994,Wrist Curl Cable,Machine
1792,Overhead Tricep Extension (Dumbbell),Machine
1173,High-Cable Lateral Raise,Machine
2154,Ring Tricep Extensions,Machine
2116,Reverse Pushdown,Machine
2353,Shoulder Press (Smith Machine),Machine
734,Decline Bench Press (Smith Machine),Machine
195,Backwards Sled Drag,Machine
2331,Seated low pulley wrist curl,Machine
1632,Machine Pull Down,Machine
2745,Swiss Ball Leg Curl,Machine
775,Diagonal Supinated Lat Pulldown,Machine
1353,Kelso Shrug (cable),Machine
503,Cable Tricep Pushdown (12-15),Machine
1922,Preacher Curl Machine,Machine
1556,Low-To-High Cable Fly,Machine
1156,High Feet Leg Press,Machine
504,Cable Triceps Kickback,Machine
1548,Low Chest Fly (Cable),Machine
1253,Incline Cable Press,Machine
366,Bicep Curl (TRX),Machine
1257,Incline Chest Press (Machine),Machine
1252,Incline Cable Flys,Machine
2573,Smith Unilateral Incline,Machine
1256,Incline Chest Fly Machine,Machine
2398,Single Arm Chest Press (Machine),Machine
1992,RDL (Smith Machine),Machine
2959,Wide Assisted Push-Ups,Machine
1625,Machine Hip Thrust,Machine
1399,Kneeling Single-Arm Diagonal Pulldown,Machine
2961,Wide Grip Cable Curls,Machine
1250,Incline Cable Curl,Machine
171,Armpulldown,Machine
1635,Mag Grip Lat Pulldown,Machine
2547,Sled Trekken Naar Achter Explosief,Machine
2026,Rear Delt Fly (Cable),Machine
2261,Seated Cable Row,Machine
1780,Overhead Press (Machine),Machine
1089,Hammer Machine Low Row,Machine
2558,"Smith Machine Assisted SLDL (12,10,8,6,4)",Machine
2971,Wide Grip Seated Row (Cable),Machine
1469,Lateral Raise (Cable),Machine
1212,Hip Thrust Machine,Machine
583,Chest Supported Machine Row Stack Loaded,Machine
1744,One Arm Overhead Extension (Cable),Machine
1591,Lying Leg Curl,Machine
2894,V-Bar Pulldown,Machine
2354,Shoulder Press Smith Machine,Machine
470,Cable Flexion Row,Machine
2536,Sled Drag,Machine
2644,Standing Cross Body Cable Lateral Raise,Machine
2973,Wide MAG Pulldowns,Machine
2892,V-Bar Lat Pulldown,Machine
373,Bicep Down Machine,Machine
2490,Single arm tricep extension,Machine
1606,MAG Narrow Supine Cable Row,Machine
51,1-Arm 45 Degrees Cable Rear Delt Flye,Machine
593,Chest Supported Row (Smith Machine),Machine
463,Cable Chest Press,Machine
2073,Reverse Curl Cable,Machine
599,Chest Supported T-Bar Row,Machine
1428,Lat Pulldown,Machine
2269,Seated Dip (Machine),Machine
929,Flat Assisted Bench Press,Machine
1438,Lat Pulldown Machine,Machine
2312,Seated Row (Cable),Machine
2250,Seated Abductor Machine (15-20),Machine
3049,machine preacher curl,Machine
2366,Shrug Smith,Machine
478,Cable Lateral Raise (Lengthened-Mid Position),Machine
2537,Sled Drag Sideways,Machine
2259,Seated Cable Crunch,Machine
2960,Wide Grip Assisted Pull Up,Machine
1717,Neutral-Grip Pulldowns,Machine
1420,Lat Machine,Machine
1444,Lat-Focused Cable Row,Machine
260,Banded Tricep Pushdown,Machine
510,Cable Woodchoppers,Machine
2707,Straight-Arm Pushdown,Machine
2113,Reverse Pec Deck,Machine
792,Donkey Machine Calf Raise,Machine
1035,Glute Drive (Machine),Machine
2456,Single Leg Extension,Machine
2571,Smith Row,Machine
487,Cable Pushdown,Machine
1681,Monastery Tricep Extension,Machine
2425,Single Arm Pushdown (Cable),Machine
557,Chest Fly (Cable),Machine
502,Cable Tricep Push Away,Machine
2605,Split Squat (Smith Machine),Machine
1102,Hamstring Curl (TRX),Machine
1276,Incline Fly (Cable),Machine
1088,Hammer Curls - Cable And Rope,Machine
116,Ab Machine,Machine
807,Dual Cable Seated Bicep Curl,Machine
528,Calf Raise (Leg Press),Machine
2565,Smith Machine Row,Machine
482,Cable Overhead Extension,Machine
2262,Seated Cable Row (One Arm),Machine
2893,V-Bar Lat Pulldowns,Machine
496,Cable Shrugs,Machine
1623,Machine Crunch,Machine
491,Cable Reverse Flye,Machine
2649,Standing Leg Curl,Machine
2740,Supinated Chest Supported Row (Machine),Machine
2729,Sumo Squat Belt Squat,Machine
1537,Long Rope Tricep Extension,Machine
2006,RP Machine Curls,Machine
529,Calf Raise (Machine),Machine
1595,Lying Pullover (Cable),Machine
2374,Side Crunch (Cable),Machine
633,Close Grip Incline Bench Press (Smith Machine),Machine
2545,Sled Push/Pull,Machine
1689,Narrow Grip Pulldowns,Machine
2264,Seated Calf Raise (Machine),Machine
472,Cable Forearm Shit,Machine
1629,Machine Low Row,Machine
29,(LEGS) 45 Degree Leg Press,Machine
508,Cable Wood Choppers,Machine
475,Cable Incline Fly,Machine
2099,Reverse Hack Squat,Machine
2992,Wrist Cable Supination,Machine
11,(BACK) Rope Cable Pullover,Machine
671,Cross Body SA Pulldown,Machine
499,Cable Stretch Drag Curls,Machine
2555,Smith Good Morning,Machine
483,Cable Paused Shrug-In,Machine
1507,Leg Press,Machine
148,Alternating Cable Curls,Machine
334,Bench Press (Smith Machine),Machine
1072,Hack Squat Inverted,Machine
1421,Lat Machine Pull Down - Close Grip,Machine
2655,"Standing Overhead Press (Smith Machine, Push Press)",Machine
1299,Incline Tricep Extention (Cable),Machine
2295,Seated Leg Curl Eccentrics,Machine
2173,Romanian Deadlift (Smith Machine),Machine
356,Bent Over Row (Smith Machine),Machine
1432,Lat Pulldown (Kneeling),Machine
560,Chest Fly Press (Machine),Machine
2119,Reverse Sled Pull,Machine
509,Cable Woodchopper,Machine
2870,Unilateral Leg Extension,Machine
1429,Lat Pulldown (2-Grip),Machine
2889,Upright Row (Cable),Machine
2643,Standing Close Cable Press,Machine
2435,Single Arm Tricep Extension (Cable),Machine
1502,Leg Extension (Single Leg),Machine
498,Cable Step Up,Machine
1172,High To Low Cable Flyes,Machine
2541,Sled Pull/Push,Machine
28,(LATS) Leverage Pulldown,Machine
639,Close Grip Underhand Lat Pulldown (chin Pulldown),Machine
649,Concentrated Tricep Cable Overhead,Machine
2438,Single Cable Lateral Shoulder Push/Raise (Lift Via Elbow),Machine
565,Chest Press (Machine),Machine
420,Bottom-ROM Paused Squats (Smith),Machine
1924,Preacher Curls (Machine),Machine
1554,Low To High Incline Cable Fly,Machine
2574,Smith Unilateral Machine,Machine
897,Eugene Forearm Extensions (Cable),Machine
1794,Overhead Tricep Extension (Kettlebell),Machine
1740,"One Arm Cable Lateral Raise, Lean In, Cable Behind Back",Machine
506,Cable Unilateral Tricep Pushdowns,Machine
2005,RP Lying Leg Curl (Prime),Machine
2773,Tempo Seated Leg Curl 3 IN 2 HOLD 3 OUT,Machine
1933,Prime Leg Extension,Machine
1791,Overhead Tricep Extension (Cable),Machine
2861,Underhand Lat Pulldown,Machine
500,Cable Tib Raises,Machine
1546,Low Cable Fly,Machine
179,Assisted Mountain Climbers,Machine
1298,Incline Tricep Extension (Dumbbell),Machine
678,Crossed Overhead Triceps Extension (Cable),Machine
6,(BACK) Cable Pullover,Machine
2799,Top To Bottom Cable Flyes,Machine
2424,Single Arm Pushdown,Machine
480,Cable Oblique Twist,Machine
1495,Leg Curl Machine (Not Lying),Machine
523,Calf Press (Leg Press Machine),Machine
246,Banded Hack Squat,Machine
2871,Unilateral Low Cable Fly,Machine
1442,Lat Pullover Machine,Machine
524,Calf Press On Hack Squat,Machine
2287,Seated Hamstring Curl (Machine),Machine
2993,Wrist Curl (Cable),Machine
111,AD Press (Smith Machine),Machine
2474,Single Leg Resistance Band Leg Extension,Machine
489,Cable Rear Delt Flys (POSTERIOR DELT; Mid/Lengthened Position),Machine
903,External Rotations (Cable),Machine
2528,Skull Crusher (Smith),Machine
1999,RP HS Underhand Pulldowns,Machine
638,Close Grip Underhand Lat Pulldown,Machine
904,Ez Bar Cable Curl,Machine
811,Dual-Rope Pushdowns,Machine
1667,Medium MAG Pulldowns,Machine
1741,One Arm Lateral Raise (Cable),Machine
533,Calf Raise Smith Machine,Machine
2426,Single Arm Rear Delt Cable Fly,Machine
1137,Heel Elevated Leg Press,Machine
2826,Tricep Extension Pulldowns Band,Machine
2403,Single Arm High Row (Cable),Machine
1209,Hip Thrust (Smith Machine),Machine
735,Decline Cable Fly,Machine
459,Cable Abductor (Outside) Riase (Cable),Machine
1763,Overhead Cable Bicep Curl,Machine
532,Calf Raise Machine,Machine
2542,Sled Push,Machine
2067,Reverse Bicep Curl (cable)!,Machine
2845,Triceps Kickback (cable),Machine
1070,Hack Squat (Smith Machine),Machine
495,Cable Rotational Twists,Machine
2795,Toe Press Leg Press,Machine
1547,Low Cable Incline Chest Fly,Machine
1422,Lat Prayer,Machine
2693,Straight Arm Pulldown,Machine
1488,Lean-Back Lat Pulldown,Machine
2640,Standing Cable Row,Machine
2651,Standing Low Cable Chest Press,Machine
1031,Glute Bridge Smith,Machine
688,Cuff Lateral Raise (Cable),Machine
2920,Wall Assisted Handstand Pushup,Machine
1028,Glute Bridge (Machine),Machine
484,Cable Preacher Curls,Machine
205,Band Assisted Lunge Jumps,Machine
1739,One Arm Cable Curl,Machine
1618,Machine Bench Press,Machine
2127,Reverse-Grip Pulldowns,Machine
669,Cross Body Lat Pulldown (Single Arm),Machine
1802,Palms Facing Up - D Handle Tricep Pushdown,Machine
1423,Lat Prayer (Straight-Bar),Machine
1441,Lat Pullover Cable,Machine
1496,Leg Curl with Band,Machine
2294,Seated Leg Curl (Cable),Machine
485,Cable Pronations,Machine
2461,Single Leg Hip Thrust (Smith Machine),Machine
2293,Seated Leg Curl,Machine
367,Bicep Curl Cable Seated,Machine
626,Close Grip Bench Press (Smith Machine),Machine
320,Belt Squat,Machine
2297,Seated Leg Extension (Machine),Machine
1434,Lat Pulldown (Med - Neutral Grip),Machine
2288,Seated High Cable Row (Upper Back & Traps),Machine
2021,Rear Delt 45 Degrees Cable Flye,Machine
781,Dip (Assisted),Machine
574,Chest Supported Cable Row,Machine
1617,Machine Bench,Machine
2557,Smith Machine Anterior Delt Press,Machine
3037,abductor chair,Machine
2550,Slider Leg Curl,Machine
2177,Rope Cable Pullovers,Machine
2260,Seated Cable Overhead Bicep Curl,Machine
41,(SHOULDERS) Seated Smith Machine Shoulder Press,Machine
2560,Smith Machine Calf Raise,Machine
1176,High-to-low Cable Chest Flies,Machine
1389,Kneeling Lat Pulldown,Machine
1602,Lying Tricep Extension (Barbell),Machine
439,Bulgarian Split Squat (Smith Machine),Machine
2069,Reverse Cable Fly,Machine
2129,Rhomboid Pulldown,Machine
460,Cable Adductor (Inside) Raise (Cable),Machine
2007,RP Machine Dips,Machine
2688,Straight Arm Cable Pulldown,Machine
2757,TRX High Feet Pushup,Machine
2417,Single Arm Pec Deck,Machine
2095,Reverse Grip Pushdown,Machine
1580,Lying Cable Tricep Extension,Machine
1690,Narrow Neutral Pulldown,Machine
2762,TRX T,Machine
1961,Pulley,Machine
1036,Glute Drive/Hip Thrust Machine,Machine
1593,Lying Overhead Tricep Extension (barbell),Machine
465,Cable Cross Tricep Pushdown,Machine
511,Cable Wrist Curl,Machine
157,Alternating Sled Drag For Time,Machine
466,Cable Cross-Body Lat Pull-Arounds,Machine
1058,Good morning (Smith),Machine
521,Calf Extension Machine,Machine
1474,Lateral Raise Machine Standing,Machine
2569,Smith Machine Upright Rows,Machine
1789,Overhead Tricep Extension,Machine
2899,V-squat,Machine
1611,MTS Low Row Machine,Machine
2361,Shrug (Cable),Machine
134,Abs Crunch In High Cable,Machine
1553,Low To High Cable Fly,Machine
2022,Rear Delt Cable,Machine
1508,Leg Press (45 Degrees),Machine
263,Bar Assisted Pogo Hops,Machine
434,Bulgarian Smith Squat,Machine
132,Abs Crunch (Machine),Machine
2822,Tricep Extension (Cable),Machine
1620,Machine Chest Press (Flat),Machine
315,Behind-The-Neck Press (Smith Machine),Machine
1174,High-Low Cable Press,Machine
653,Converging Machine Press (Anterior Delt),Machine
2543,Sled Push And Pull,Machine
851,Dumbell NEWS Leg Extension,Machine
530,Calf Raise (Smith Machine),Machine
1042,Glute-Biased Leg Press,Machine
131,Abs Crunch (Cable),Machine
1578,Lying Cable Curl,Machine
1579,Lying Cable Row,Machine
2535,Sled,Machine
357,Bent Over Row (cable),Machine
1633,Machine Pull-down,Machine
2501,Single-arm Triceps Kickback (Cable),Machine
514,Cable Y Raise,Machine
481,Cable Overhead Curl,Machine
1056,Good Morning (Hack Machine),Machine
33,(LEGS) Leg Seated Leg Extension,Machine
1923,Preacher Curl(Machine),Machine
2567,Smith Machine Shrugs,Machine
1162,High Incline Smith Press,Machine
2838,Tricep Pushdown (Straight Bar),Machine
462,Cable Axe Chop,Machine
1083,Hammer Curl (Cable),Machine
2451,Single Leg Calf Raise Machine,Machine
1503,Leg Extension Single Leg,Machine
147,Alternating Cable Crossover (High To Low),Machine
2495,Single-Leg Leg Extension,Machine
492,Cable Romanian Deadlift,Machine
1497,Leg Extension,Machine
1153,High Cable Fly,Machine
2549,Sledgehammer,Machine
207,Band Assisted Squat Jumps,Machine
305,Behind The Back Lateral Raise (Cable),Machine
37,(SHOULDERS) Low Cable Crossover,Machine
2103,Reverse Leg Extension,Machine
257,Banded Smith Machine Glute Bridges,Machine
469,Cable Crunch,Machine
2687,Straigh bar - Cable pull down,Machine
227,Band Tricep Pushdown,Machine
2816,Tricep Cable Kickback,Machine
139,Adductor Dynamic Plank,Machine
206,Band Assisted Pogo Jumps,Machine
1624,Machine Flat Press,Machine
2078,Reverse Fly (Cable),Machine
2759,TRX Row,Machine
2530,Skull Crushers (Smith Machine),Machine
2085,Reverse Grip Bench Press (Smith Machine),Machine
2726,Sumo Leg Press,Machine
2897,V-Stance Leg Press,Machine
2548,Sled Walks,Machine
910,Face Away Cable Curl,Machine
2298,Seated Leg curl,Machine
1324,JM Press (Smith Machine),Machine
505,Cable Twists,Machine
683,Crunch Machine Weighted,Machine
1210,Hip Thrust (machine),Machine
473,Cable Hip Abduction,Machine
2068,Reverse Cable Curl,Machine
2028,Rear Delt Fly (Machine),Machine
2097,Reverse Grip Tricep Extension,Machine
606,Chin-Up (Assisted),Machine
1539,Long rope incline pushdown,Machine
2639,Standing Cable Hip Abduction,Machine
7,(BACK) Close Grip Cable Row,Machine
976,Forward Sled,Machine
2823,Tricep Extension (Dumbbell),Machine
477,Cable Kickback,Machine
519,Cable/Machine Fly (12-15),Machine
806,Dual Cable Lat Pull Down,Machine
1435,Lat Pulldown (Neutral Grip),Machine
497,Cable Standing Pullover,Machine
1879,Plate Loaded Machine Chestpress,Machine
2800,Torso Rotation (Machine),Machine
2860,Underhand Fly (Cable),Machine
515,Cable Y Raise (Rehab),Machine
673,Cross Body Tricep Extension,Machine
556,Chest Dips (Cable),Machine
726,Deadlift (Smith Machine),Machine
1509,Leg Press Calf,Machine
2480,Single Leg Smith Romanian Deadlift,Machine
1927,Preacher Machine,Machine
2825,Tricep Extension (Resistance Band),Machine
1806,Partial Deadlift (Smith Machine),Machine
2758,TRX High Row,Machine
1949,Pull Through (Cable),Machine
1610,MTS Front Pulldown,Machine
2363,Shrug (Machine),Machine
2566,Smith Machine Shoulder Press,Machine
517,Cable external rotation - elbow low,Machine
1504,Leg Extension with Band,Machine
2431,Single Arm Row (Cable),Machine
1489,Lean-Back Seated Hip Abduction (Machine),Machine
2324,Seated Tricep Pushdown,Machine
467,Cable Crossed Tricep Extension,Machine
1183,Hip Adductor (Machine),Machine
1431,Lat Pulldown (Close Grip),Machine
2100,Reverse Hack Squats,Machine
488,Cable Rear Delt Fly,Machine
486,Cable Pull-Through,Machine
365,Bicep Curl (Machine),Machine
1152,High Bar Squat (Smith Machine),Machine
2123,Reverse Wrist Curl (Cable),Machine
1630,Machine Preacher Curl,Machine
321,Belt Squat Stiff Leg Deadlifts,Machine
2750,T-Bar Row (Chest Supported),Machine
1918,Preacher Curl (Machine),Machine
629,Close Grip Chest Press (TRX),Machine
569,Chest Press Cable,Machine
2556,Smith Hack Squat,Machine
1622,Machine Chest Press (Neutral Grip),Machine
1154,High Cable Lateral Raise,Machine
1852,Pistol Squat (Assisted),Machine
2412,Single Arm Lateral Cable Shoulder Raise,Machine
1002,Front Raise (Cable),Machine
2301,Seated Military Press (smith Machine),Machine
1716,Neutral Grip Seated Cable Row,Machine
592,Chest Supported Row (Machine),Machine
2064,Reverse Bicep Curl (Cable),Machine
2568,Smith Machine Static Lunge W/ Elevated Front Foot,Machine
2969,Wide Grip Pulldown (Plateloaded Machine),Machine
698,"Custom Circuit - (Lat Raise, Bicep Curl, Upright Row, Calf Raise, Tricep Extension, Hammer Curls) 12 Reps Each Then Break)",Machine
1499,Leg Extension (Cable),Machine
2539,Sled Press Calf Raises,Machine
2667,Standng Calf Raise (Machine),Machine
1626,Machine Lat Pulldown,Machine
980,Freemotion Cable Curl,Machine
270,Barbell Hack Squat,Machine
2962,Wide Grip Cable Row,Machine
1303,Incline cable flies,Machine
1628,Machine Leg Press,Machine
1510,Leg Press Calf Raises,Machine
1952,Pull-Up (Assisted),Machine
1096,Hammer Squat Lunge Machine (RDL),Machine
1915,Preacher Curl (Cable),Machine
2300,Seated Military Press (Smith Machine),Machine
2562,Smith Machine Overhead Press,Machine
2572,Smith Shrug,Machine
493,Cable Rope Seated Crunches,Machine
2563,Smith Machine Reverse Lunge,Machine
1068,Hack Squat (Knee Dominant),Machine
490,Cable Reverse Curl,Machine
22,(CHEST) Incline Cable Fly,Machine
1545,Low Cable Crossover,Machine
2538,Sled Drive,Machine
1249,Incline Cable Chest Press,Machine
1071,Hack Squat Calf Raise,Machine
338,Bench Press - Cable,Machine
1439,Lat Pulldown Netural TMJ,Machine
317,Behind-the-Neck Lat Pulldown,Machine
2086,Reverse Grip Cable Tricep Extension,Machine
2564,Smith Machine Reverse Lunges,Machine
746,Decline Machine Chest Press,Machine
372,Bicep Curls (Cable),Machine
754,Decline overhead Cable Fly (lower),Machine
1822,Pec Deck (Machine),Machine
2697,Straight Bar Cable Extensions,Machine
1621,Machine Chest Press (Incline),Machine
1960,Pulldown (Vbar),Machine
512,Cable Wrist Curls (12-15),Machine
2896,V-Handle Tricep Pushdown (Cable),Machine
2437,Single Cable Front Raise,Machine
809,Dual Handle Lat Pulldown,Machine
1097,Hammer Squat Lunge Machine (bulgarian Squats),Machine
1436,Lat Pulldown (Single Arm),Machine
650,Concentration Cable Curl,Machine
2161,Rolling Tricep Extension (Dumbbell),Machine
2561,Smith Machine Hack Squat,Machine
2839,Tricep Pushdown Rope,Machine
2205,SL Leg Extensions,Machine
45,(TRICEPS) Seated EZ Bar Overhead Tricep Extension,Machine
1069,Hack Squat (Machine),Machine
2296,Seated Leg Curls,Machine
464,Cable Cross Body Lateral Raise,Machine
2118,Reverse Sled Drag,Machine
1782,Overhead Press (Smith Machine),Machine
479,Cable Low Row,Machine
2476,Single Leg Romanian Deadlift (Cable),Machine
1710,Neutral Geip Seated Cable Row,Machine
311,Behind-The-Back Cable Lateral Raise,Machine
2011,RP Ricky Pulldown,Machine
2313,Seated Row (Machine),Machine
135,Abs Machine,Machine
1184,Hip Adductor Dropset,Machine
591,Chest Supported Row (Machine Or Freeweight),Machine
2638,Standing Cable Abductors,Machine
2023,Rear Delt Cable Fly,Machine
682,Crunch Machine,Machine
1559,Lower Abs With Propel Machine,Machine
2876,Unilateral Smith Machine (close Grip),Machine
1430,Lat Pulldown (Band),Machine
2840,Tricep Rope Push Down (Cable),Machine
2278,Seated Flyes (Cables),Machine
2364,Shrug (Smith Machine),Machine
3040,cable press around,Machine
2617,Squat (Smith Machine),Machine
2489,Single arm Cable High Curl,Machine
2546,Sled Row,Machine
2478,Single Leg Seated Calf Raise (Machine),Machine
559,Chest Fly (Machine),Machine
1500,Leg Extension (Dumbbell),Machine
2760,TRX Single Leg Squats,Machine
2606,Split Squat Front Foot Elevated (Smith Machine),Machine
1171,High To Low Cable Fly,Machine
501,Cable Tricep Kickback,Machine
476,Cable Incline Wrist Curls,Machine
1288,Incline Pushdown (Cable),Machine
301,Behind Back Bicep Cable Curl,Machine
2137,Ring Ham Curl (Basically Hip Thrust + Leg Curl),Machine
1747,One Arm Pulldown,Machine
1301,Incline Tricep Pushdown,Machine
358,Bent-Over Row (Smith Machine),Machine
2940,Weighted GHD Machine,Machine
531,Calf Raise - Leg Press Machine,Machine
2540,Sled Pull,Machine
2868,Unilateral Hip Adductor,Machine
1603,Lying Tricep Extension (Dumbbell),Machine
1067,Hack Squat,Machine
736,Decline Cable Press,Machine
2751,T-Bar Rows,Machine
2428,Single Arm Rear Delt Fly (Cable),Machine
196,Backwards Sled Pull,Machine
1433,Lat Pulldown (Machine),Machine
2396,Single Arm Biceps Curls (cable),Machine
2404,Single Arm High Row (Machine),Machine
16,(CALVES) Seated Calf Machine,Machine
1946,Pull Apart (Cable),Machine
1764,Overhead Cable Rope Extention,Machine
1634,Machine Wide Rows,Machine
2087,Reverse Grip Cable Triceps Extension,Machine
1390,Kneeling Leg Curl,Machine
2471,Single Leg Press,Machine
1631,Machine Press,Machine
2708,Straight-Bar Overhead Triceps Extension (Cable),Machine
2966,Wide Grip Lat Pulldown,Machine
595,Chest Supported Row (T-Bar),Machine
1476,Lateral Raise Seated,Dumbbell
577,Chest Supported Dumbbell Lateral Raise,Dumbbell
149,Alternating Dumbbell Curl,Dumbbell
2423,Single Arm Push Press (Dumbbell),Dumbbell
723,Deadlift (Dumbbell),Dumbbell
755,Deep Goblet Squat Holds w/ Pulse,Dumbbell
363,Bicep Curl (Dumbbell),Dumbbell
1272,Incline Dumbbell Row,Dumbbell
1472,Lateral Raise (Seated),Dumbbell
1365,Kettlebell Halo,Dumbbell
826,Dumbbell Incline Bench Row,Dumbbell
2724,Sumo Deadlift (Dumbbell),Dumbbell
846,Dumbbell Upper Back Row,Dumbbell
2346,Shoulder Complex (Dumbbell),Dumbbell
2001,RP Hammer Strength Lateral Raise - Single Arm,Dumbbell
1279,Incline Hammer Curl,Dumbbell
1323,JM Press (Dumbbell),Dumbbell
1360,Kettlebell Clean & Press,Dumbbell
1742,One Arm Lateral Raise (Dumbbell),Dumbbell
687,Cuban Press (Dumbbell),Dumbbell
841,Dumbbell Swings,Dumbbell
815,Dumbbell Bench-Braced Wrist Extension,Dumbbell
824,Dumbbell Hip thrust,Dumbbell
1963,Pullover (Dumbbell),Dumbbell
2491,Single dumbbell overhead press,Dumbbell
2272,Seated Dumbbell Curl,Dumbbell
834,Dumbbell Shoulder Press,Dumbbell
355,Bent Over Row (Kettlebell),Dumbbell
1475,Lateral Raise Multi Flight,Dumbbell
2518,Skiers (Dumbbell),Dumbbell
576,Chest Supported DB Lateral Raise,Dumbbell
828,Dumbbell Press Or Weighted Pushups (Swap This Out For Either),Dumbbell
578,Chest Supported Dumbbell Lateral Raises,Dumbbell
1169,High Shoulder Rotation (Dumbbell),Dumbbell
2457,Single Leg Front To Lateral Raise,Dumbbell
1047,Goblet Lunge Squat Lunge Combo,Dumbbell
1767,Overhead Dumbbell Carries,Dumbbell
1086,Hammer Curl Dumbbell,Dumbbell
2306,Seated Overhead Press (Dumbbell),Dumbbell
1359,Kettlebell Clean,Dumbbell
1810,Partial Lateral Raise (Dumbbell),Dumbbell
2096,Reverse Grip Rotational Floor/Bench Press (Dumbbell),Dumbbell
1849,Pinwheel Curl (Dumbbell),Dumbbell
24,(Dumbbell) Calf Raise (Single Leg),Dumbbell
2181,Rope Hammer Curl,Dumbbell
949,Floor Chest Fly (Dumbbell),Dumbbell
845,Dumbbell Underhand Chest Fly,Dumbbell
847,Dumbbell Walking Lunges,Dumbbell
2204,Russian Twist (Dumbbell),Dumbbell
1270,Incline Dumbbell Front Raise,Dumbbell
214,Band Lateral Raise,Dumbbell
1596,Lying Rear Lateral Raise,Dumbbell
1571,Lunge (Dumbbell),Dumbbell
1373,Kettlebell Towel Curl,Dumbbell
1487,Lean In Lateral Raise (Dumbbell),Dumbbell
1233,Incline Bench Lateral Raise,Dumbbell
1087,Hammer Curl Dumbell,Dumbbell
952,Floor Press (Dumbbell),Dumbbell
1271,"Incline Dumbbell Press (12,10,8,6,4)",Dumbbell
1583,Lying Crucifix Lateral Raise,Dumbbell
2874,Unilateral Preacher Curl (Dumbbell) Normal,Dumbbell
1006,Front Squat (Box With Dumbbell/Kettlebell),Dumbbell
706,DB Lateral Raise,Dumbbell
1238,Incline Bench Press (Dumbbell),Dumbbell
1280,Incline Hammer Curl (Dumbbell),Dumbbell
2604,Split Squat (Dumbbell),Dumbbell
2488,Single Single Double Incline Dumbbell Chest Press,Dumbbell
813,Dumbbell Bench Pullover,Dumbbell
21,(CHEST) Flat Dumbbell Bench Press,Dumbbell
2429,Single Arm Rear Delt Fly (Dumbbell),Dumbbell
2394,Single Arm Bench Press (Dumbell/Kettlebell),Dumbbell
2274,Seated Dumbbell Lateral Raise,Dumbbell
586,Chest Supported Reverse Fly (Dumbbell),Dumbbell
812,Dumbbell Alternating Bench Press,Dumbbell
2578,Snatch (Kettlebell),Dumbbell
2362,Shrug (Dumbbell),Dumbbell
331,Bench Press (Dumbbell),Dumbbell
1346,KETTLEBELL PULL THROUGH,Dumbbell
313,Behind-The-Back Lateral Raise,Dumbbell
2323,Seated Tricep Press (Dumbbell),Dumbbell
1084,Hammer Curl (Dumbbell),Dumbbell
1321,Isometric Row Hold (Dumbbell),Dumbbell
3048,kettlebell biceps,Dumbbell
2551,Slight Incline Bench (Dumbbell),Dumbbell
151,Alternating Incline Dumbbell Chest Press (Bottom Hold),Dumbbell
186,B-Stance Romanian Deadlift (Dumbbell),Dumbbell
1263,Incline Curl (Dumbbell),Dumbbell
1468,Lateral Raise (Band),Dumbbell
1467,Lateral Raise (12-15),Dumbbell
686,Cuban Press,Dumbbell
2065,Reverse Bicep Curl (Dumbbell),Dumbbell
348,Bent Over Lateral Raise (Dumbbell),Dumbbell
1564,Lu Lateral Raises,Dumbbell
1357,Kettlebell Bicep Curl,Dumbbell
1572,Lunge (Kettlebell),Dumbbell
102,90° Hammer Curl,Dumbbell
820,Dumbbell Gorilla Row,Dumbbell
2997,Wrist Curls (Dumbbell),Dumbbell
1995,REVERSE GRIP DUMBBELL BENCHPRESS,Dumbbell
829,Dumbbell Push Press,Dumbbell
1207,Hip Thrust (Dumbbell),Dumbbell
733,Decline Bench Press (Dumbbell),Dumbbell
1027,Glute Bridge (Dumbbell),Dumbbell
623,Close Chest Dumbbell Press,Dumbbell
39,(SHOULDERS) Seated Dumbbell Shoulder Press,Dumbbell
823,Dumbbell High Pull,Dumbbell
340,Bench Press Pause (Dumbbell),Dumbbell
1372,Kettlebell Toe Raise,Dumbbell
2126,Reverse-Grip Dumbbell Press,Dumbbell
2661,Standing Shoulder Press (Dumbbell),Dumbbell
2037,Rear Foot Elevated Straight Leg Deadlift (Dumbbell),Dumbbell
2408,Single Arm Kettlebell Swing,Dumbbell
2732,Super ROM Lateral Raise,Dumbbell
833,Dumbbell Scull Crusher,Dumbbell
1807,Partial Incline Press (Dumbbell),Dumbbell
1375,Kettlebell Windmill,Dumbbell
2400,Single Arm Dumbbell Press,Dumbbell
2348,Shoulder Halo,Dumbbell
838,Dumbbell Step Up,Dumbbell
561,Chest Fly press (DB),Dumbbell
837,Dumbbell Squat And Press,Dumbbell
2280,Seated French Press (Dumbbell),Dumbbell
1064,Guillotine Press (DB),Dumbbell
2614,Squat (Dumbbell),Dumbbell
1268,Incline Dumbbell Curl Reverse 21s,Dumbbell
1239,Incline Bench Press (Dumbbell) (Paused),Dumbbell
1897,Poliquin lateral raise,Dumbbell
2271,Seated Dumbbell Calf Raise,Dumbbell
789,Donkey Kick (Dumbbell),Dumbbell
3009,Y Raise (Dumbbell),Dumbbell
584,Chest Supported Rear Delt Fly (Dumbbell),Dumbbell
1364,Kettlebell Gorilla Row,Dumbbell
2852,Turkish Get Up,Dumbbell
312,Behind-The-Back Dumbbell Wrist Curl,Dumbbell
950,Floor Paused Dumbbell Fly,Dumbbell
645,Coffin Press Dumbbell,Dumbbell
843,Dumbbell Tibialis Foot Raise,Dumbbell
12,(BACK) Single Arm Supported Dumbbell Row,Dumbbell
1868,Plank With Dumbbell Row,Dumbbell
1366,Kettlebell Power Row,Dumbbell
2392,Single Arm Arnold Press,Dumbbell
1367,Kettlebell Press,Dumbbell
831,Dumbbell Renegade Row,Dumbbell
2172,Romanian Deadlift (Dumbbell),Dumbbell
827,Dumbbell Lying Facedown Swim And Row,Dumbbell
2000,RP Hammer Curls,Dumbbell
2890,Upright Row (Dumbbell),Dumbbell
818,Dumbbell Crush Press,Dumbbell
1052,Goblet Squat Jump,Dumbbell
2831,Tricep Overhead Extension (Dumbbell),Dumbbell
2124,Reverse Wrist Curl (Dumbbell),Dumbbell
354,Bent Over Row (Dumbbell),Dumbbell
2318,Seated Side Lateral Raise,Dumbbell
2291,Seated Lateral Raise,Dumbbell
1563,Lu Lateral Raise,Dumbbell
844,Dumbbell Tripod Row,Dumbbell
2317,Seated Shoulder Press (Dumbbell),Dumbbell
1134,Heavy Lateral Raise,Dumbbell
590,Chest Supported Row (Dumbbell),Dumbbell
814,Dumbbell Bench-Braced Wrist Curl,Dumbbell
558,Chest Fly (Dumbbell),Dumbbell
1269,Incline Dumbbell Curls,Dumbbell
1255,Incline Chest Fly (Dumbbell),Dumbbell
2039,Renegade Row,Dumbbell
1046,Goblet Duck Walk,Dumbbell
2106,Reverse Lunge (Dumbbell),Dumbbell
1302,Incline Y Lateral Raise,Dumbbell
1285,Incline Lateral Raise,Dumbbell
830,Dumbbell RDL,Dumbbell
2289,Seated Incline Hammer Curl,Dumbbell
579,Chest Supported Dumbells Lateral Raise,Dumbbell
1082,Hammer Curl,Dumbbell
2873,Unilateral Preacher Curl (Dumbbell) Hammer,Dumbbell
554,Cheat Lateral Raise,Dumbbell
1926,Preacher Hammer Curl,Dumbbell
564,Chest Press (Dumbbell),Dumbbell
985,Frog Squat (Dumbbell),Dumbbell
1370,Kettlebell Swing,Dumbbell
3022,Z-Press (Dumbbell),Dumbbell
840,Dumbbell Swing,Dumbbell
1823,Pec Fly (Dumbbell),Dumbbell
2273,Seated Dumbbell Hammer Curls,Dumbbell
1550,Low Incline Press (Dumbbell),Dumbbell
1034,Glute Bulgarian Split Squat (Dumbbell),Dumbbell
763,Deficit Goblet Squats,Dumbbell
1277,Incline Fly Press (Dumbbell),Dumbbell
2523,Skull Crusher (Dumbbell),Dumbbell
1048,Goblet March,Dumbbell
2419,Single Arm Preacher Curl (Dumbbell),Dumbbell
174,Arnold Press,Dumbbell
1745,One Arm Overhead Press (Dumbbell),Dumbbell
1549,Low Incline Flye (Dumbbell),Dumbbell
32,(LEGS) Heel Elevated Goblet Squat,Dumbbell
848,Dumbbell seated Row,Dumbbell
816,Dumbbell Calf Jumps,Dumbbell
1972,Push Press (Dumbbell),Dumbbell
835,Dumbbell Skull-Over,Dumbbell
1916,Preacher Curl (Dumbbell),Dumbbell
568,Chest Press (dumbbell),Dumbbell
743,Decline Flye - Dumbbell,Dumbbell
2912,Walking Lunge (Dumbbell),Dumbbell
1490,Leaning In Lateral Raise,Dumbbell
581,Chest Supported Lateral Raise,Dumbbell
1007,Front Squat (Dumbbell),Dumbbell
2936,Weighted Ankle Stretch (Goblet Hold),Dumbbell
1473,Lateral Raise Eccentrics,Dumbbell
2054,Rest Pause - Lateral Raise (Placeholder),Dumbbell
667,Cross Body Hammer Curl,Dumbbell
1470,Lateral Raise (Dumbbell),Dumbbell
2464,Single Leg Kettlebell Raise,Dumbbell
1045,Goblet Box Squat,Dumbbell
2577,Snatch (Dumbbell),Dumbbell
696,Curtsy Lunge (Dumbbell),Dumbbell
825,Dumbbell Hyperextension,Dumbbell
1808,Partial Lateral Raise,Dumbbell
817,Dumbbell Chest Press/Floor Press,Dumbbell
935,Flat Dumbbell Press,Dumbbell
2685,Stiff RDL (Dumbbell),Dumbbell
1050,Goblet Rebound Lateral Lunge,Dumbbell
836,Dumbbell Spanish Squat,Dumbbell
2075,Reverse Dumbbell Fly,Dumbbell
882,Elevated Dumbbell Reverse Lunge,Dumbbell
2371,Side Bend (Dumbbell),Dumbbell
2454,Single Leg Deadlift (Dumbbell),Dumbbell
2432,Single Arm Row (Dumbbell),Dumbbell
2275,Seated Dumbbell Press,Dumbbell
1768,Overhead Extension (Dumbbell),Dumbbell
839,Dumbbell Supinated Curl,Dumbbell
689,Cuffed Behind-The-Back Lateral Raise,Dumbbell
1598,Lying Side Lateral Raise,Dumbbell
1673,Military Dumbbell Press,Dumbbell
1712,Neutral Grip Dumbbell Bench Press,Dumbbell
2731,Super ROM Lateral Dumbbell Raise,Dumbbell
1281,Incline Hammer Curls,Dumbbell
795,Double Kettlebell Press,Dumbbell
1287,Incline Pullover (Dumbbell),Dumbbell
236,Banded Chest Dumbbell Fly,Dumbbell
438,Bulgarian Split Squat (Dumbbell),Dumbbell
959,Fly Press (Dumbbell),Dumbbell
1779,Overhead Press (Dumbbell),Dumbbell
1363,Kettlebell Front Squat,Dumbbell
1267,Incline Dumbbell Curl (12-15),Dumbbell
1160,High Incline Dumbbell Press,Dumbbell
2681,Stiff Leg Deadlift (Dumbbell),Dumbbell
936,"Flat Dumbbell Press (12,10,8,6,4)",Dumbbell
2027,Rear Delt Fly (Dumbbell),Dumbbell
1368,Kettlebell Squat L/R,Dumbbell
1073,Half Kneeling Arnold Press (Dumbbell),Dumbbell
2645,Standing Dumbbell Wrist Extensions,Dumbbell
784,Dips,Bodyweight
2386,Side Plank With Reach Under,Bodyweight
1515,Leg Raise Floor,Bodyweight
1513,Leg Raise (Captain's Chair),Bodyweight
2267,Seated Dead Bugs,Bodyweight
93,90 Degree Crunch,Bodyweight
1721,Oblique 90 Degree Crunch,Bodyweight
975,Forward Jump,Bodyweight
1407,L-sit Pull Ups,Bodyweight
1837,Pike Push Up,Bodyweight
785,Dips Between Chairs,Bodyweight
2508,Sit Ups (Weighted),Bodyweight
1861,Plank Hip Dip,Bodyweight
1934,Prisoner Swiss Ball Crunch,Bodyweight
1875,Plank to Push Up,Bodyweight
90,"6.	Abs (Standing Band Crunches, Sit-Ups, Etc.)",Bodyweight
968,Forearm Flexor Crunch,Bodyweight
2856,Twisting Bench Crunches,Bodyweight
165,Archer Pull Up,Bodyweight
748,Decline Push Up,Bodyweight
954,Flutter Kick,Bodyweight
1688,Muscle Up (Weighted),Bodyweight
2383,Side Plank,Bodyweight
2847,Triceps Push-Up,Bodyweight
2953,Weighted Sit Up,Bodyweight
2898,V-Up,Bodyweight
1955,"Pull-Up (Neutral Grip, Bodyweight)",Bodyweight
2735,SuperWideGrip Pull-Ups (Weighted),Bodyweight
123,Ab Wheel Plank,Bodyweight
1592,Lying Leg Raise,Bodyweight
750,Decline Sit Up (Bodyweight),Bodyweight
2653,Standing Oblique Crunches,Bodyweight
2445,Single Leg Broad Jump Ea Leg,Bodyweight
2942,Weighted Hanging Leg Raise,Bodyweight
1713,Neutral Grip Pull Up,Bodyweight
2736,Superman,Bodyweight
2381,Side Lying Leg Raises,Bodyweight
863,Dynamic Plank Tap,Bodyweight
183,Australian Pull Up,Bodyweight
769,Deficit Ring Push Up,Bodyweight
380,Bicycle Crunches Raised Legs,Bodyweight
2469,Single Leg Linear Pogo Jumps 10 Yards,Bodyweight
1022,Ghd Sit Up,Bodyweight
1124,Hanging Leg Raise (Weighted),Bodyweight
926,Finger Push-Ups,Bodyweight
2948,Weighted Pause Pull Ups,Bodyweight
1406,L-Sit Pull Up,Bodyweight
164,Approach Box Jumps,Bodyweight
1951,Pull-Up,Bodyweight
2949,Weighted Pogo Jumps,Bodyweight
1862,Plank Pass Through,Bodyweight
2463,Single Leg Jumps,Bodyweight
782,Dip (Bodyweight),Bodyweight
2144,Ring Pull-Up,Bodyweight
1453,Lateral Jumps,Bodyweight
446,Burpee (No Push Up),Bodyweight
2850,Triple Broad Jump,Bodyweight
2950,Weighted Quarter Squat Jumps,Bodyweight
2043,Resistance Band Push-Ups,Bodyweight
405,Bodyweight Squat,Bodyweight
1450,Lateral Box Jump,Bodyweight
2677,Step-Up Box Jump,Bodyweight
2442,Single Leg Box Jump,Bodyweight
2105,Reverse Lunge (Bodyweight),Bodyweight
2522,Skull Crusher (Bodyweight),Bodyweight
2136,Ring Guillotine Push-up,Bodyweight
1638,Manmaker (Bodyweight),Bodyweight
1462,Lateral Pogo Jumps 10 Yards,Bodyweight
1978,Push Up Pyramid,Bodyweight
774,Depth Jump,Bodyweight
2141,Ring Pike Push Up,Bodyweight
783,Dip (Weighted),Bodyweight
430,Broad Jump,Bodyweight
2613,Squat (Bodyweight),Bodyweight
1708,Negative Chin Ups,Bodyweight
1691,Narrow Push Up,Bodyweight
2146,Ring Push Up,Bodyweight
2879,Up Down Plank,Bodyweight
1512,Leg Raise,Bodyweight
1026,Glute Bridge (Bodyweight),Bodyweight
2239,Scapular Pull-Up,Bodyweight
2921,Wall Press Dead Bug,Bodyweight
2968,Wide Grip Pull-Up (Weighted),Bodyweight
388,Bird Dog,Bodyweight
145,Alternate Leg Raises,Bodyweight
406,Bodyweight Sumo squat,Bodyweight
660,Cossack Squat (Bodyweight),Bodyweight
2819,Tricep Dips Assited,Bodyweight
2923,Wall Sit,Bodyweight
2922,Wall Push Up,Bodyweight
2628,Stability Ball Crunch,Bodyweight
1731,Obliques (Oblique Crunches Etc.),Bodyweight
1077,Half Kneeling Single Leg Box Jump,Bodyweight
711,Dead Bug (Resistance Band),Bodyweight
1865,Plank To Push Up,Bodyweight
2855,"Twisted ""T"" Planks",Bodyweight
2970,Wide Grip Rear Pull-Up,Bodyweight
154,Alternating Lunge Jumps,Bodyweight
1973,Push Up,Bodyweight
2737,Superman Alternating Sides,Bodyweight
2981,Wide-Grip Pull-Up (Weighted),Bodyweight
636,Close Grip Pull Up,Bodyweight
2143,Ring Pull Ups,Bodyweight
390,Bird Dog Isometric Hold,Bodyweight
1867,Plank Walkout,Bodyweight
2131,Ring Archer Pull Ups,Bodyweight
1108,Hand Pick-Up Push Up,Bodyweight
2485,Single Leg Triple Jump,Bodyweight
1980,Push-Up Variations (Incline Or Weighted),Bodyweight
1112,Hands on Hips Countermovement Jump,Bodyweight
764,Deficit Handstand Push Up,Bodyweight
2738,Superman Hold,Bodyweight
1950,Pull Ups Max,Bodyweight
1214,Hollow Body Holds,Bodyweight
1979,Push-Up To Resistance Band Row,Bodyweight
2241,Scapular Push Up,Bodyweight
403,Bodyweight Side Lying Clamshell,Bodyweight
749,Decline Ring push Up,Bodyweight
1990,Quarter Squat Jumps Rythmic,Bodyweight
1866,Plank To Push-up,Bodyweight
1342,Jumping Lunge,Bodyweight
322,Bench Dips,Bodyweight
786,Dive-Bomber Push Ups,Bodyweight
1873,Plank With Resistance Band Rows,Bodyweight
1341,Jumping Jack,Bodyweight
1448,Lateral Bear Crawl,Bodyweight
445,Burpee,Bodyweight
424,Box Jump,Bodyweight
1599,Lying Sit Up,Bodyweight
2134,Ring Dip (Weighted),Bodyweight
2924,Wall Sit Hold,Bodyweight
1860,Plank (Weighted),Bodyweight
1975,Push Up (Incline),Bodyweight
437,Bulgarian Split Squat (Bodyweight),Bodyweight
1037,Glute Ham Raise Sit Ups,Bodyweight
1876,Plank with Shoulder Taps,Bodyweight
1728,Oblique Sidecrunch,Bodyweight
2818,Tricep Dips,Bodyweight
1228,Inch Worm + Push Up,Bodyweight
710,Dead Bug,Bodyweight
777,Diamond Push-up,Bodyweight
2038,Rebound Box Jumps,Bodyweight
2387,Side Plank With Rotation,Bodyweight
2483,Single Leg Stair Jumps,Bodyweight
177,Ascending Skater Jumps 10 Yards,Bodyweight
2514,Skater Jumps,Bodyweight
1895,Pogo Jump,Bodyweight
1452,Lateral Jump,Bodyweight
1684,Mountain Climber,Bodyweight
1956,"Pull-Up (Neutral Grip, Weighted)",Bodyweight
1892,Plyometric Push Ups,Bodyweight
766,Deficit Push Up,Bodyweight
1954,Pull-Up (Bodyweight),Bodyweight
1114,Handstand Hold,Bodyweight
46,(TRICEPS) Weighted Bench Dip,Bodyweight
2946,Weighted Leg Raises,Bodyweight
2705,Straight Leg Sit Up,Bodyweight
345,Bent Leg Raise,Bodyweight
1660,Medicine Ball Close Grip Push Up,Bodyweight
448,Burpee-Pullups,Bodyweight
630,Close Grip Dips,Bodyweight
379,Bicycle Crunche,Bodyweight
864,Dynamic Side Plank,Bodyweight
2943,Weighted Hanging Leg Raises,Bodyweight
378,Bicycle Crunch,Bodyweight
402,Bodyweight Row,Bodyweight
1686,Multi Direction Plank Series,Bodyweight
2246,Scissor Kick,Bodyweight
1215,Hollow Body Pullups,Bodyweight
779,Diamond push up,Bodyweight
2462,Single Leg Hurdle Jump,Bodyweight
1535,Long Lever Ball Crunch,Bodyweight
410,Bosu Ball Push Ups,Bodyweight
1384,Knee To Feet Jumps,Bodyweight
539,Cannonball Crunch,Bodyweight
648,Compression Leg Raise,Bodyweight
1339,Jump Switch Lunge,Bodyweight
137,Active Plank,Bodyweight
2956,Weighted Wall Sits,Bodyweight
1864,Plank Rows,Bodyweight
156,Alternating Reach Forearm Plank,Bodyweight
655,Copenhagen Plank Dips,Bodyweight
654,Copenhagen Plank,Bodyweight
433,Bulgarian Dip,Bodyweight
741,Decline Deficit Pike Push-Ups,Bodyweight
642,Close-Grip Push-Ups,Bodyweight
684,Crunches,Bodyweight
401,Bodyweight RDL,Bodyweight
1558,Lower Ab Leg Raises,Bodyweight
1206,Hip Thrust (Bodyweight),Bodyweight
2954,Weighted Sit Ups,Bodyweight
381,Bicycle crunch,Bodyweight
2859,Type Writer Pull Up,Bodyweight
377,Bicycle,Bodyweight
391,Bird Dogs,Bodyweight
298,Bear Crawl,Bodyweight
1018,GHD Sit Up (Weighted),Bodyweight
1853,Pistol Squat To Box,Bodyweight
2178,Rope Crunches,Bodyweight
431,Broad Jumps,Bodyweight
2115,Reverse Plank,Bodyweight
2015,RTO Push Up,Bodyweight
2186,Rotating Plank,Bodyweight
2258,Seated Box Jumps,Bodyweight
2384,Side Plank Hip Drops,Bodyweight
2373,Side Crunch,Bodyweight
2662,Standing Side Crunch,Bodyweight
2164,Roman Chair Sit Up,Bodyweight
2902,Vertical Crunch,Bodyweight
1530,Linear Pogo Jumps 10 Yards,Bodyweight
600,Chest To Bar Pull-ups,Bodyweight
1687,Muscle Up,Bodyweight
2739,Superman Quad,Bodyweight
241,Banded Dips,Bodyweight
740,Decline Crunch (Weighted),Bodyweight
1869,Plank With Dumbell Drag,Bodyweight
409,Bosu Ball Crunch,Bodyweight
2935,Weighted Alternating Lunge Jump,Bodyweight
389,Bird Dog (Reps),Bodyweight
2443,Single Leg Box Jump (land 2),Bodyweight
2772,Tempo Push Up 3-0-1,Bodyweight
1454,Lateral Leg Raises,Bodyweight
2939,Weighted Deficit Push-up,Bodyweight
1871,Plank With Leg Lift,Bodyweight
1872,Plank With Leg Lifts,Bodyweight
739,Decline Crunch,Bodyweight
1863,Plank Pull Through,Bodyweight
1116,Handstand Pushups,Bodyweight
1709,Negative Pull Up,Bodyweight
374,Bicep Pull Up,Bodyweight
2507,Sit Up,Bodyweight
1977,Push Up (Weighted),Bodyweight
130,Abs Crunch (Bodyweight),Bodyweight
2061,Reverse Abs Crunch (Bodyweight),Bodyweight
1893,Plyometric Push-Up,Bodyweight
1115,Handstand Progression,Bodyweight
1383,Knee Raise Crunch Torso Down,Bodyweight
1723,Oblique Crunch,Bodyweight
607,Chin-Up (Bodyweight),Bodyweight
1023,Ghr Sit Up,Bodyweight
955,Flutter Kicks,Bodyweight
1123,Hanging Leg Raise,Bodyweight
1958,Pull-Up Negatives,Bodyweight
900,Explosive Pull Up,Bodyweight
166,Archer Push Up,Bodyweight
2385,Side Plank Rotations,Bodyweight
2734,Super-Wide Weighted Pull-Ups,Bodyweight
2160,Rolling Plank,Bodyweight
1803,Parallel Pull Up W Knee Tuck,Bodyweight
2455,Single Leg Double Broad Jump,Bodyweight
2163,Roman Chair Leg Raise,Bodyweight
751,Decline Sit Up (Weighted),Bodyweight
2245,Scissor Jumps,Bodyweight
1953,Pull-Up (Band),Bodyweight
408,Bodyweight Walking Lunges,Bodyweight
555,Chest Dips,Bodyweight
2388,Side Planks With Band Resistance,Bodyweight
1836,Pike Handstand Hold,Bodyweight
1714,Neutral Grip Pull Ups (as Many Sets As Needed),Bodyweight
712,Dead Bug Stretch,Bodyweight
423,Box Drop Broad Jump,Bodyweight
2650,Standing Leg Raise with Band,Bodyweight
1870,Plank With Feet On Bench,Bodyweight
1570,Lunge (Bodyweight),Bodyweight
2465,Single Leg Lateral Broad Jump Ea Leg,Bodyweight
2147,Ring Push Up (Weighted),Bodyweight
399,Bodyweight Feet Elevated Pike Push-up,Bodyweight
1976,Push Up (Knees),Bodyweight
1858,Plank,Bodyweight
447,Burpee Broad Jumps,Bodyweight
887,Elevated Push Ups,Bodyweight
400,Bodyweight Hip Thrust,Bodyweight
2835,Tricep Push Up,Bodyweight
1821,Paused Push Up,Bodyweight
407,Bodyweight Triceps Extension,Bodyweight
1336,Jump Rope,Bodyweight
1113,Handstand,Bodyweight
133,Abs Crunch (Weighted),Bodyweight
2903,Vertical Jump,Bodyweight
2071,Reverse Crunch (Weighted),Bodyweight
1651,Med Ball Crunch,Bodyweight
2663,Standing Side-Leg Raises (Band),Bodyweight
776,Diamond Push Ups,Bodyweight
1891,Plyometric Jumps,Bodyweight
190,Back Extension Crunches,Bodyweight
2967,Wide Grip Pull-Up,Bodyweight
2895,V-Grip Barbell Row,Barbell
2063,Reverse Bicep Curl (Barbell),Barbell
2104,Reverse Lunge (Barbell),Barbell
1066,Hack Deadlift,Barbell
722,Deadlift (Deficit),Barbell
2309,Seated Pin Press (Barbell),Barbell
1609,MMS Barbell Complex,Barbell
2360,Shrug (Barbell),Barbell
2781,Thruster (Barbell),Barbell
1260,Incline Close Grip Bench Press,Barbell
2299,Seated Military Press (Barbell),Barbell
1909,Power Snatch,Barbell
2254,Seated Barbell Shoulder Press,Barbell
1005,Front Squat (Barbell),Barbell
2284,Seated Good morning,Barbell
2584,Snatch Grip Sotts Press,Barbell
1409,Landmine Clean And Press,Barbell
10,(BACK) Landmine T Bar Row,Barbell
339,Bench Press Incline (Close Grip),Barbell
274,Barbell Hyperextension,Barbell
1783,Overhead Press (barbell - Paused),Barbell
2268,Seated Deadlift,Barbell
2222,Sandbag Floor Press,Barbell
2281,Seated French Press (EZ/Barbell),Barbell
888,Elevated Romanian Deadlifts,Barbell
2212,Safety Squat Bar Wide Stance,Barbell
998,Front Pin Squat,Barbell
265,Barbell American Deadlift,Barbell
31,(LEGS) Heel Elevated Barbell Front Squat,Barbell
276,Barbell Rollout,Barbell
62,"2"" ACB Bench Press",Barbell
624,Close Grip Barbell Incline,Barbell
2804,Trap Bar Deadlift,Barbell
232,Banded Back Squat [X|5|X],Barbell
924,Feet Up Bench Press,Barbell
2393,Single Arm Bench Press,Barbell
536,Cambered Bar Bench Press,Barbell
1971,Push Press (Barbell),Barbell
948,Floating Deadlift,Barbell
2410,Single Arm Landmine Row,Barbell
2720,Suitcase Deadlift,Barbell
2579,Snatch Complex,Barbell
1106,Hand Clean,Barbell
1843,Pin Press Bench (Barbell),Barbell
2585,Snatch Pull,Barbell
65,21 Curl (Barbell),Barbell
1536,Long Pause Bench Press,Barbell
805,Driving Pin Squat,Barbell
1080,Halting Deadlift,Barbell
2018,Rack Pull (Barbell),Barbell
1910,Prayer Bench Press,Barbell
336,Bench Press (Touch & Go),Barbell
1236,Incline Bench Press (Barbell),Barbell
765,Deficit Pendlay Row,Barbell
1150,High Bar Squat (Barbell),Barbell
2283,Seated Good Morning,Barbell
335,Bench Press (Swiss Bar),Barbell
2187,Rotational Landmine Push Press,Barbell
1996,RP Barbell Wrist Curls,Barbell
1244,Incline Bench Press 45 Degree,Barbell
2168,Romanian Deadlift (B Stance),Barbell
3027,Zercher Lunges,Barbell
352,Bent Over Row (Barbell),Barbell
2167,"Romanian Deadlift (12,10,8,6,4)",Barbell
2637,Standing Behind Neck Shoulder Press (Barbell),Barbell
1914,Preacher Curl (Barbell),Barbell
1413,Landmine Push Press,Barbell
353,"Bent Over Row (Barbell, Paused)",Barbell
721,Deadlift (Block),Barbell
2684,Stiff Leg Zercher Deadlift,Barbell
1148,Hex Bar Jump,Barbell
2510,Sitting Good Morning,Barbell
397,Boarded Bench Press,Barbell
2911,Walking Lunge (Barbell),Barbell
1781,Overhead Press (Paused),Barbell
2682,Stiff Leg Deadlift Or Romanian Deadlift (Swap This Out For Either),Barbell
2221,Sandbag Clean Over Shoulder,Barbell
258,Banded Trap Bar Deadlift,Barbell
398,Body Weight Row On Barbell,Barbell
395,Block Pull (Barbell),Barbell
2765,Tempo Bench Press,Barbell
2084,Reverse Grip Bench Press,Barbell
1332,Jefferson Deadlift,Barbell
1886,Plate-loaded Overhead Press,Barbell
280,Barbell Squat,Barbell
1898,"Posterior Chain (Band Good Mornings, Bodyweight Hyperextensions, Etc.)",Barbell
1418,Larsen Press (Barbell),Barbell
1846,Pin Squat (Barbell),Barbell
2807,Trap Bar Jump,Barbell
756,Deep Split Jerk Hold,Barbell
2475,Single Leg Romanian Deadlift,Barbell
1411,Landmine Oblique Twist,Barbell
279,Barbell Shoulder Press,Barbell
286,Barbell Wrist Curl (12-15),Barbell
731,Deadlift Up To Knees,Barbell
2407,Single Arm KB Snatch,Barbell
2265,Seated DB Good Morning,Barbell
2017,Rack Deadlifts,Barbell
2683,Stiff Leg Deficit Deadlift,Barbell
730,Deadlift Hold 150kgs,Barbell
1054,Good Morning,Barbell
82,45 Degrees Barbell Back Extensions,Barbell
2769,Tempo Overhead Press,Barbell
5,(BACK) Barbell Row,Barbell
538,Cambered Bar Squat,Barbell
3026,Zercher Good Morning,Barbell
2176,Romanian Zercher Deadlift,Barbell
982,French Press (Barbell),Barbell
1145,Heels Elevated Bulgarian Split Squat (Barbell),Barbell
285,Barbell Walking Lunge,Barbell
1398,Kneeling Overhead Press,Barbell
325,Bench Press (AM),Barbell
36,(POSTERIOR CHAIN) Barbell Deadlift,Barbell
2365,Shrug (Trap Bar),Barbell
1724,Oblique Deadlift,Barbell
2592,Speed Deadlifts,Barbell
2070,Reverse Cambered Bar Bench Press,Barbell
1776,Overhead Press,Barbell
1417,Landmine Twist,Barbell
326,Bench Press (Banded),Barbell
1338,Jump Squat (Barbell),Barbell
370,Bicep Curl To Overhead Press,Barbell
329,Bench Press (Close Grip),Barbell
2612,Squat (Barbell),Barbell
993,Front Foot Elevated Split Squat SSB,Barbell
25,(GLUTES) Barbell Hip Thrust,Barbell
2580,Snatch Deadlift,Barbell
361,Bicep Curl (Barbell),Barbell
3031,Zercher Squat (Barbell),Barbell
2723,Sumo Deadlift (Box),Barbell
3,(BACK) Barbell Deadlift,Barbell
856,Dumbell Straight Leg Deadlift,Barbell
2810,Trap Bar RDL,Barbell
1518,Legs Up Bench Press (Barbell),Barbell
262,Banded or Chained Overhead Press,Barbell
770,Deficit Romanian Deadlift,Barbell
333,Bench Press (Paused),Barbell
42,(SHOULDERS) Standing Landmine Shoulder Press,Barbell
324,Bench Press,Barbell
620,Clean Pull,Barbell
269,Barbell Glute Bridge,Barbell
2622,Squat Thruster,Barbell
3054,standing overhead press,Barbell
1075,Half Kneeling Landmine Press,Barbell
1903,Power Clean,Barbell
2806,Trap Bar Farmers Walk,Barbell
761,Deficit Deadlift (Barbell),Barbell
619,Clean Deadlift,Barbell
1139,Heel Elevated Squat (Barbell),Barbell
720,Deadlift (Barbell),Barbell
2208,SSB Squat,Barbell
273,Barbell Hold,Barbell
2623,Squat To Overhead Press,Barbell
2593,Speed Overhead Press,Barbell
1057,Good Morning Seated,Barbell
2304,Seated Overhead Pin Press (Barbell),Barbell
724,Deadlift (Harambe System/Barbell),Barbell
1966,Pullover Barbell,Barbell
1187,Hip Banded Romanian Deadlift,Barbell
332,Bench Press (Harambe System Or Barbell),Barbell
2730,Sumo Stiff Leg Deadlift,Barbell
625,"Close Grip Bench Press (12,10,8,6,4)",Barbell
3057,zercher deadlift,Barbell
2600,Split Jerk,Barbell
2311,Seated Row (BB),Barbell
1847,Pin Squats,Barbell
3029,Zercher RDL,Barbell
2369,Shrugs (Trap Bar),Barbell
2576,Snatch (Barbell),Barbell
2220,Sandbag Clean,Barbell
2552,Sling Shot Bench Press (Barbell),Barbell
1242,Incline Bench Press - Hammer Strength,Barbell
2591,Speed Deadlift,Barbell
725,Deadlift (Paused),Barbell
2166,Romanian Deadlift,Barbell
1519,Library Deadlift,Barbell
268,Barbell Front Raises,Barbell
732,Decline Bench Press (Barbell),Barbell
2809,Trap Bar Power Shrug,Barbell
20,(CHEST) Decline Barbell Bench Press,Barbell
277,Barbell Row,Barbell
719,Deadlift (Barbell / KG),Barbell
1118,Hang Power Clean,Barbell
1243,Incline Bench Press 30 Degree,Barbell
191,Back Squat,Barbell
2811,Trap Bar Shrug,Barbell
2175,Romanian Deadlifts,Barbell
2583,Snatch Grip Shrugs,Barbell
2441,Single Leg Barbell RDL,Barbell
267,Barbell Front Raise,Barbell
2582,Snatch Grip Romanian Deadlift,Barbell
1008,Front Squat (Paused),Barbell
26,(HAMSTRINGS) Barbell RDL,Barbell
1818,Paused Front Squats,Barbell
2774,Tempo Squat (Barbell),Barbell
4,(BACK) Barbell Pendlay Row,Barbell
535,Cambered Bar Barbell Bench press,Barbell
899,Explosive Bench Press,Barbell
2107,Reverse Lunge To Overhead Press,Barbell
404,Bodyweight Single Leg Deadlifts W/ Reach,Barbell
1815,Paused Barbell RDL,Barbell
1828,Pendlay Row,Barbell
426,Box Squat (Barbell),Barbell
729,Deadlift From Boxes,Barbell
2453,Single Leg Deadlift,Barbell
2434,Single Arm Snatch,Barbell
771,Deficit Romanian Deadlift (Barbell),Barbell
271,Barbell Hang Clean To Overhead Press,Barbell
2808,Trap Bar Jumps,Barbell
2725,Sumo Deadlift (Paused),Barbell
1778,Overhead Press (Barbell),Barbell
337,Bench Press (Wide Grip),Barbell
2209,SSB Walk For Time,Barbell
283,Barbell Strict Curl,Barbell
934,Flat DB Bench Press,Barbell
2122,Reverse Wrist Curl (Barbell),Barbell
621,Clean and Jerk,Barbell
2307,Seated Overhead Press (No Back Support),Barbell
328,Bench Press (Board),Barbell
3020,Z Press (Barbell),Barbell
2602,Split Squat (Barbell),Barbell
1415,Landmine Squat (Heel Elevated),Barbell
44,(TRICEPS) Close Grip Barbell Bench Press,Barbell
436,Bulgarian Split Squat (Barbell),Barbell
343,Bench(BB),Barbell
2521,Skull Crusher (Barbell),Barbell
2402,Single Arm Floor Press,Barbell
573,Chest Supported Barbell Row,Barbell
717,Deadlift,Barbell
1928,Preacher Reverse Bicep Curl (Barbell),Barbell
3025,Zercher Front-Foot Elevated Split Squat,Barbell
225,Band Snatch,Barbell
727,Deadlift (To Knees),Barbell
266,Barbell Curls,Barbell
572,Chest Supported Barbell Lat Row,Barbell
2722,Sumo Deadlift (Barbell),Barbell
618,Clean And Jerk Complex,Barbell
2218,Sandbag Box Squat,Barbell
2805,Trap Bar Deadlift (Paused),Barbell
1788,Overhead Squat w/ Snatch Grip Press at Bottom,Barbell
616,Clean,Barbell
1010,Front Squat W/ Elevated Heels,Barbell
327,Bench Press (Barbell),Barbell
2487,Single Single Double Bench Press,Barbell
718,Deadlift (Banded),Barbell
728,Deadlift (Trapbar),Barbell
3032,Zercher Walks,Barbell
318,Behind-the-Neck Overhead Press,Barbell
1119,Hang Snatch,Barbell
2169,Romanian Deadlift (Barbell),Barbell
2305,Seated Overhead Press (Barbell),Barbell
85,45° Incline Barbell Press,Barbell
2586,Snatch-Grip Behind-Neck Press in Deep Squat,Barbell
2590,Speed Bench Press,Barbell
3030,Zercher Reverse Lunge,Barbell
798,Double Switch Landmine Push Press,Barbell
287,Barbell Wrist Flexion & Extension,Barbell
150,Alternating Good Morning,Barbell
281,Barbell Squat (With Bands),Barbell
2767,Tempo Deadlift,Barbell
330,Bench Press (Duffalo Bar),Barbell
1675,Military Press (Barbell),Barbell
2703,Straight Leg Deadlift,Barbell
2630,Staggered Trap Bar,Barbell
622,Clean and Press,Barbell
1820,Paused Platz Squat (Barbell),Barbell
2170,Romanian Deadlift (Bottom Pause),Barbell
1132,Heavy Barbell Holds,Barbell
13,(BACK) Supinated Barbell Bent Over Row,Barbell
1569,Lunge (Barbell),Barbell
2165,Romanian Chair Leg Raise,Barbell
2721,Sumo Box Squat,Barbell
231,Banded Back Squat,Barbell
2782,Thruster (Log Bar),Barbell
1055,Good Morning (Bodyweight),Barbell
1874,Plank on Swissball,Barbell
1388,Kneeling Landmine Pushes,Barbell
617,Clean (Barbell),Barbell
1273,Incline Dumbell Bench Press,Barbell
288,Barbell Yates Row (Rest Pause Last Set),Barbell
1412,Landmine Press,Barbell
1062,Guillotine Bench Press,Barbell
2581,Snatch Grip Deadlift,Barbell
